-- MySQL Workbench Forward Engineering

SET @OLD_UNIQUE_CHECKS=@@UNIQUE_CHECKS, UNIQUE_CHECKS=0;
SET @OLD_FOREIGN_KEY_CHECKS=@@FOREIGN_KEY_CHECKS, FOREIGN_KEY_CHECKS=0;
SET @OLD_SQL_MODE=@@SQL_MODE, SQL_MODE='ONLY_FULL_GROUP_BY,STRICT_TRANS_TABLES,NO_ZERO_IN_DATE,NO_ZERO_DATE,ERROR_FOR_DIVISION_BY_ZERO,NO_ENGINE_SUBSTITUTION';

-- -----------------------------------------------------
-- Schema kohlantstats
-- -----------------------------------------------------

-- -----------------------------------------------------
-- Table `GS_TIME_UNIT_TYPE`
-- -----------------------------------------------------
DROP TABLE IF EXISTS `GS_TIME_UNIT_TYPE` ;

CREATE TABLE IF NOT EXISTS `GS_TIME_UNIT_TYPE` (
  `ID` INT NOT NULL AUTO_INCREMENT,
  `TYPE` VARCHAR(45) NOT NULL COMMENT 'day, week',
  PRIMARY KEY (`ID`))
ENGINE = InnoDB;


-- -----------------------------------------------------
-- Table `GS_LOCATION`
-- -----------------------------------------------------
DROP TABLE IF EXISTS `GS_LOCATION` ;

CREATE TABLE IF NOT EXISTS `GS_LOCATION` (
  `ID` INT NOT NULL AUTO_INCREMENT,
  `PLACE` VARCHAR(45) NOT NULL,
  `PLACE_WEB_PATH` VARCHAR(45) NOT NULL,
  `COUNTRY` VARCHAR(45) NOT NULL,
  `COUNTRY_WEB_PATH` VARCHAR(45) NOT NULL,
  `COUNTRY_FLAG` VARCHAR(45) NOT NULL,
  `LATITUDE` DECIMAL(9,6) NULL,
  `LONGITUDE` DECIMAL(9,6) NULL,
  PRIMARY KEY (`ID`))
ENGINE = InnoDB;


-- -----------------------------------------------------
-- Table `GS_PROGRAM`
-- -----------------------------------------------------
DROP TABLE IF EXISTS `GS_PROGRAM` ;

CREATE TABLE IF NOT EXISTS `GS_PROGRAM` (
  `ID` INT NOT NULL AUTO_INCREMENT,
  `EDITION_NUMBER` INT NOT NULL,
  `YEAR` INT NOT NULL,
  `NAME` VARCHAR(100) NOT NULL,
  `WEB_PATH` VARCHAR(120) NOT NULL,
  `GS_TIME_UNIT_TYPE_ID` INT NOT NULL,
  `TOTAL_TIME_LENGTH` INT NOT NULL,
  `GS_LOCATION_ID` INT NOT NULL,
  `IS_ACTIVE` TINYINT NOT NULL,
  PRIMARY KEY (`ID`),
  INDEX `fk_GS_PROGRAM_GS_TIME_UNIT_TYPE1_idx` (`GS_TIME_UNIT_TYPE_ID` ASC),
  INDEX `fk_GS_PROGRAM_GS_LOCATION1_idx` (`GS_LOCATION_ID` ASC),
  UNIQUE INDEX `UK_GS_PROGRAM` (`WEB_PATH` ASC),
  CONSTRAINT `fk_GS_PROGRAM_GS_TIME_UNIT_TYPE1`
    FOREIGN KEY (`GS_TIME_UNIT_TYPE_ID`)
    REFERENCES `GS_TIME_UNIT_TYPE` (`ID`)
    ON DELETE NO ACTION
    ON UPDATE NO ACTION,
  CONSTRAINT `fk_GS_PROGRAM_GS_LOCATION1`
    FOREIGN KEY (`GS_LOCATION_ID`)
    REFERENCES `GS_LOCATION` (`ID`)
    ON DELETE NO ACTION
    ON UPDATE NO ACTION)
ENGINE = InnoDB;


-- -----------------------------------------------------
-- Table `GS_PLAYER`
-- -----------------------------------------------------
DROP TABLE IF EXISTS `GS_PLAYER` ;

CREATE TABLE IF NOT EXISTS `GS_PLAYER` (
  `ID` INT NOT NULL AUTO_INCREMENT,
  `NAME` VARCHAR(45) NOT NULL,
  `FAMILY_NAME` VARCHAR(45) NULL,
  `WEB_PATH` VARCHAR(45) NOT NULL,
  `SEX` VARCHAR(45) NOT NULL,
  `BIRTH_YEAR` INT NULL,
  `BIRTH_DATE` DATE NULL,
  PRIMARY KEY (`ID`),
  INDEX `NAME` (`NAME` ASC),
  UNIQUE INDEX `WEB_PATH` (`WEB_PATH` ASC))
ENGINE = InnoDB;


-- -----------------------------------------------------
-- Table `GS_PARTICIPANT`
-- -----------------------------------------------------
DROP TABLE IF EXISTS `GS_PARTICIPANT` ;

CREATE TABLE IF NOT EXISTS `GS_PARTICIPANT` (
  `ID` INT NOT NULL AUTO_INCREMENT,
  `GS_PROGRAM_ID` INT NOT NULL,
  `GS_PLAYER_ID` INT NOT NULL,
  `AGE` INT NULL,
  `FINAL_POSITION` INT NULL,
  PRIMARY KEY (`ID`),
  INDEX `fk_GS_PARTICIPANT_GS_PROGRAM1_idx` (`GS_PROGRAM_ID` ASC),
  INDEX `fk_GS_PARTICIPANT_GS_PLAYER1_idx` (`GS_PLAYER_ID` ASC),
  UNIQUE INDEX `UK_participant` (`GS_PROGRAM_ID` ASC, `GS_PLAYER_ID` ASC),
  CONSTRAINT `fk_GS_PARTICIPANT_GS_PROGRAM1`
    FOREIGN KEY (`GS_PROGRAM_ID`)
    REFERENCES `GS_PROGRAM` (`ID`)
    ON DELETE NO ACTION
    ON UPDATE NO ACTION,
  CONSTRAINT `fk_GS_PARTICIPANT_GS_PLAYER1`
    FOREIGN KEY (`GS_PLAYER_ID`)
    REFERENCES `GS_PLAYER` (`ID`)
    ON DELETE NO ACTION
    ON UPDATE NO ACTION)
ENGINE = InnoDB;


-- -----------------------------------------------------
-- Table `GS_GAME_TYPE`
-- -----------------------------------------------------
DROP TABLE IF EXISTS `GS_GAME_TYPE` ;

CREATE TABLE IF NOT EXISTS `GS_GAME_TYPE` (
  `ID` INT NOT NULL AUTO_INCREMENT,
  `NAME` VARCHAR(45) NOT NULL,
  `WEB_PATH` VARCHAR(45) NOT NULL,
  `DESCRIPTION` LONGTEXT NULL,
  PRIMARY KEY (`ID`))
ENGINE = InnoDB;


-- -----------------------------------------------------
-- Table `GS_GAME_STAKE_TYPE`
-- -----------------------------------------------------
DROP TABLE IF EXISTS `GS_GAME_STAKE_TYPE` ;

CREATE TABLE IF NOT EXISTS `GS_GAME_STAKE_TYPE` (
  `ID` INT NOT NULL AUTO_INCREMENT,
  `NAME` VARCHAR(45) NOT NULL,
  `WEB_PATH` VARCHAR(45) NOT NULL,
  `DESCRIPTION` LONGTEXT NULL,
  PRIMARY KEY (`ID`))
ENGINE = InnoDB;


-- -----------------------------------------------------
-- Table `GS_GAME_PARTICIPATION_TYPE`
-- -----------------------------------------------------
DROP TABLE IF EXISTS `GS_GAME_PARTICIPATION_TYPE` ;

CREATE TABLE IF NOT EXISTS `GS_GAME_PARTICIPATION_TYPE` (
  `ID` INT NOT NULL AUTO_INCREMENT,
  `NAME` VARCHAR(45) NOT NULL,
  `WEB_PATH` VARCHAR(45) NOT NULL,
  PRIMARY KEY (`ID`))
ENGINE = InnoDB;


-- -----------------------------------------------------
-- Table `GS_GAME`
-- -----------------------------------------------------
DROP TABLE IF EXISTS `GS_GAME` ;

CREATE TABLE IF NOT EXISTS `GS_GAME` (
  `ID` INT NOT NULL AUTO_INCREMENT,
  `NAME` VARCHAR(45) NOT NULL,
  `WEB_PATH` VARCHAR(45) NOT NULL,
  `TIME_POSITION` VARCHAR(45) NULL,
  `TIME_UNIT_INDEX` INT NULL,
  `GS_GAME_TYPE_ID` INT NOT NULL,
  `PROGRAM_INDEX` INT NULL,
  `GS_GAME_STAKE_TYPE_ID` INT NOT NULL,
  `GS_PROGRAM_ID` INT NOT NULL,
  `GS_GAME_PARTICIPATION_TYPE_ID` INT NOT NULL,
  PRIMARY KEY (`ID`),
  INDEX `fk_GS_GAME_GS_GAME_TYPE1_idx` (`GS_GAME_TYPE_ID` ASC),
  INDEX `fk_GS_GAME_GS_GAME_STAKE_TYPE1_idx` (`GS_GAME_STAKE_TYPE_ID` ASC),
  UNIQUE INDEX `uk_gs_game` (`WEB_PATH` ASC),
  INDEX `fk_GS_GAME_GS_PROGRAM1_idx` (`GS_PROGRAM_ID` ASC),
  INDEX `fk_GS_GAME_GS_GAME_PARTICIPATION_TYPE1_idx` (`GS_GAME_PARTICIPATION_TYPE_ID` ASC),
  CONSTRAINT `fk_GS_GAME_GS_GAME_TYPE1`
    FOREIGN KEY (`GS_GAME_TYPE_ID`)
    REFERENCES `GS_GAME_TYPE` (`ID`)
    ON DELETE NO ACTION
    ON UPDATE NO ACTION,
  CONSTRAINT `fk_GS_GAME_GS_GAME_STAKE_TYPE1`
    FOREIGN KEY (`GS_GAME_STAKE_TYPE_ID`)
    REFERENCES `GS_GAME_STAKE_TYPE` (`ID`)
    ON DELETE NO ACTION
    ON UPDATE NO ACTION,
  CONSTRAINT `fk_GS_GAME_GS_PROGRAM1`
    FOREIGN KEY (`GS_PROGRAM_ID`)
    REFERENCES `GS_PROGRAM` (`ID`)
    ON DELETE NO ACTION
    ON UPDATE NO ACTION,
  CONSTRAINT `fk_GS_GAME_GS_GAME_PARTICIPATION_TYPE1`
    FOREIGN KEY (`GS_GAME_PARTICIPATION_TYPE_ID`)
    REFERENCES `GS_GAME_PARTICIPATION_TYPE` (`ID`)
    ON DELETE NO ACTION
    ON UPDATE NO ACTION)
ENGINE = InnoDB;


-- -----------------------------------------------------
-- Table `GS_TEAM_DURATION`
-- -----------------------------------------------------
DROP TABLE IF EXISTS `GS_TEAM_DURATION` ;

CREATE TABLE IF NOT EXISTS `GS_TEAM_DURATION` (
  `ID` INT NOT NULL AUTO_INCREMENT,
  `FROM_TIME_UNIT` INT NOT NULL,
  `TO_TIME_UNIT` VARCHAR(45) NOT NULL,
  PRIMARY KEY (`ID`))
ENGINE = InnoDB;


-- -----------------------------------------------------
-- Table `GS_TEAM`
-- -----------------------------------------------------
DROP TABLE IF EXISTS `GS_TEAM` ;

CREATE TABLE IF NOT EXISTS `GS_TEAM` (
  `ID` INT NOT NULL AUTO_INCREMENT,
  `GS_PROGRAM_ID` INT NOT NULL,
  `NAME` VARCHAR(45) NOT NULL,
  `WEB_PATH` VARCHAR(45) NOT NULL,
  `GS_TEAM_DURATION_ID` INT NOT NULL,
  `ALIAS` VARCHAR(45) NOT NULL,
  PRIMARY KEY (`ID`),
  INDEX `fk_GS_TEAM_GS_PROGRAM1_idx` (`GS_PROGRAM_ID` ASC),
  INDEX `fk_GS_TEAM_GS_TEAM_DURATION1_idx` (`GS_TEAM_DURATION_ID` ASC),
  UNIQUE INDEX `uk_gs_teams` (`WEB_PATH` ASC),
  CONSTRAINT `fk_GS_TEAM_GS_PROGRAM1`
    FOREIGN KEY (`GS_PROGRAM_ID`)
    REFERENCES `GS_PROGRAM` (`ID`)
    ON DELETE NO ACTION
    ON UPDATE NO ACTION,
  CONSTRAINT `fk_GS_TEAM_GS_TEAM_DURATION1`
    FOREIGN KEY (`GS_TEAM_DURATION_ID`)
    REFERENCES `GS_TEAM_DURATION` (`ID`)
    ON DELETE NO ACTION
    ON UPDATE NO ACTION)
ENGINE = InnoDB;


-- -----------------------------------------------------
-- Table `GS_REWARD_TYPE`
-- -----------------------------------------------------
DROP TABLE IF EXISTS `GS_REWARD_TYPE` ;

CREATE TABLE IF NOT EXISTS `GS_REWARD_TYPE` (
  `ID` INT NOT NULL AUTO_INCREMENT,
  `NAME` VARCHAR(100) NOT NULL,
  `WEB_PATH` VARCHAR(45) NOT NULL,
  PRIMARY KEY (`ID`))
ENGINE = InnoDB;


-- -----------------------------------------------------
-- Table `GS_REWARD`
-- -----------------------------------------------------
DROP TABLE IF EXISTS `GS_REWARD` ;

CREATE TABLE IF NOT EXISTS `GS_REWARD` (
  `ID` INT NOT NULL AUTO_INCREMENT,
  `NAME` VARCHAR(100) NOT NULL,
  `WEB_PATH` VARCHAR(100) NOT NULL,
  `GS_REWARD_TYPE_ID` INT NOT NULL,
  `IS_POSITIVE` TINYINT(1) NOT NULL,
  PRIMARY KEY (`ID`),
  INDEX `fk_GS_REWARD_GS_REWARD_TYPE1_idx` (`GS_REWARD_TYPE_ID` ASC),
  UNIQUE INDEX `uk_gs_reward` (`WEB_PATH` ASC),
  CONSTRAINT `fk_GS_REWARD_GS_REWARD_TYPE1`
    FOREIGN KEY (`GS_REWARD_TYPE_ID`)
    REFERENCES `GS_REWARD_TYPE` (`ID`)
    ON DELETE NO ACTION
    ON UPDATE NO ACTION)
ENGINE = InnoDB;


-- -----------------------------------------------------
-- Table `GS_GAME_X_REWARD`
-- -----------------------------------------------------
DROP TABLE IF EXISTS `GS_GAME_X_REWARD` ;

CREATE TABLE IF NOT EXISTS `GS_GAME_X_REWARD` (
  `ID` INT NOT NULL AUTO_INCREMENT,
  `GS_GAME_ID` INT NOT NULL,
  `GS_REWARD_ID` INT NOT NULL,
  `DISPLAY_ORDER` INT NOT NULL,
  PRIMARY KEY (`ID`),
  INDEX `fk_GS_GAME_X_REWARD_GS_GAME_idx` (`GS_GAME_ID` ASC),
  INDEX `fk_GS_GAME_X_REWARD_GS_REWARD1_idx` (`GS_REWARD_ID` ASC),
  CONSTRAINT `fk_GS_GAME_X_REWARD_GS_GAME`
    FOREIGN KEY (`GS_GAME_ID`)
    REFERENCES `GS_GAME` (`ID`)
    ON DELETE NO ACTION
    ON UPDATE NO ACTION,
  CONSTRAINT `fk_GS_GAME_X_REWARD_GS_REWARD1`
    FOREIGN KEY (`GS_REWARD_ID`)
    REFERENCES `GS_REWARD` (`ID`)
    ON DELETE NO ACTION
    ON UPDATE NO ACTION)
ENGINE = InnoDB;


-- -----------------------------------------------------
-- Table `GS_EV_STORE_PROPERTY`
-- -----------------------------------------------------
DROP TABLE IF EXISTS `GS_EV_STORE_PROPERTY` ;

CREATE TABLE IF NOT EXISTS `GS_EV_STORE_PROPERTY` (
  `ID` INT NOT NULL AUTO_INCREMENT,
  `PROPERTY` VARCHAR(45) NOT NULL,
  `ICON` VARCHAR(500) NOT NULL,
  `UNIT` VARCHAR(45) NOT NULL,
  PRIMARY KEY (`ID`))
ENGINE = InnoDB;


-- -----------------------------------------------------
-- Table `GS_EV_STORE`
-- -----------------------------------------------------
DROP TABLE IF EXISTS `GS_EV_STORE` ;

CREATE TABLE IF NOT EXISTS `GS_EV_STORE` (
  `ID` INT NOT NULL AUTO_INCREMENT,
  `ENTITY_TYPE` VARCHAR(45) NOT NULL,
  `ENTITY_WEB_PATH` VARCHAR(45) NOT NULL,
  `ENTITY_ID` INT NOT NULL,
  `PROPERTY_ID` INT NOT NULL,
  `VALUE` VARCHAR(500) NOT NULL,
  PRIMARY KEY (`ID`),
  INDEX `fk_GS_EV_STORE_GS_EV_STORE_PROPERTY1_idx` (`PROPERTY_ID` ASC),
  INDEX `EV_STORE_SEARCH` (`ENTITY_TYPE` ASC, `ENTITY_WEB_PATH` ASC),
  CONSTRAINT `fk_GS_EV_STORE_GS_EV_STORE_PROPERTY1`
    FOREIGN KEY (`PROPERTY_ID`)
    REFERENCES `GS_EV_STORE_PROPERTY` (`ID`)
    ON DELETE NO ACTION
    ON UPDATE NO ACTION)
ENGINE = InnoDB;


-- -----------------------------------------------------
-- Table `GS_TEAM_ENTRANCE_TYPE`
-- -----------------------------------------------------
DROP TABLE IF EXISTS `GS_TEAM_ENTRANCE_TYPE` ;

CREATE TABLE IF NOT EXISTS `GS_TEAM_ENTRANCE_TYPE` (
  `ID` INT NOT NULL AUTO_INCREMENT,
  `NAME` VARCHAR(100) NOT NULL,
  `WEB_PATH` VARCHAR(100) NOT NULL,
  PRIMARY KEY (`ID`))
ENGINE = InnoDB;


-- -----------------------------------------------------
-- Table `GS_TEAM_DEPARTURE_TYPE`
-- -----------------------------------------------------
DROP TABLE IF EXISTS `GS_TEAM_DEPARTURE_TYPE` ;

CREATE TABLE IF NOT EXISTS `GS_TEAM_DEPARTURE_TYPE` (
  `ID` INT NOT NULL AUTO_INCREMENT,
  `NAME` VARCHAR(100) NOT NULL,
  `WEB_PATH` VARCHAR(100) NOT NULL,
  PRIMARY KEY (`ID`))
ENGINE = InnoDB;


-- -----------------------------------------------------
-- Table `GS_PARTICIPANT_TEAM`
-- -----------------------------------------------------
DROP TABLE IF EXISTS `GS_PARTICIPANT_TEAM` ;

CREATE TABLE IF NOT EXISTS `GS_PARTICIPANT_TEAM` (
  `ID` INT NOT NULL AUTO_INCREMENT,
  `GS_PARTICIPANT_ID` INT NOT NULL,
  `GS_TEAM_ID` INT NOT NULL,
  `FROM_TIME_UNIT` INT NOT NULL,
  `TO_TIME_UNIT` INT NULL,
  `GS_TEAM_ENTRANCE_TYPE_ID` INT NOT NULL,
  `GS_TEAM_DEPARTURE_TYPE_ID` INT NULL,
  PRIMARY KEY (`ID`),
  INDEX `fk_GS_PARTICIPANT_TEAM_GS_PARTICIPANT1_idx` (`GS_PARTICIPANT_ID` ASC),
  INDEX `fk_GS_PARTICIPANT_TEAM_GS_TEAM1_idx` (`GS_TEAM_ID` ASC),
  INDEX `fk_GS_PARTICIPANT_TEAM_GS_TEAM_ENTRANCE_TYPE1_idx` (`GS_TEAM_ENTRANCE_TYPE_ID` ASC),
  INDEX `fk_GS_PARTICIPANT_TEAM_GS_TEAM_DEPARTURE_TYPE1_idx` (`GS_TEAM_DEPARTURE_TYPE_ID` ASC),
  CONSTRAINT `fk_GS_PARTICIPANT_TEAM_GS_PARTICIPANT1`
    FOREIGN KEY (`GS_PARTICIPANT_ID`)
    REFERENCES `GS_PARTICIPANT` (`ID`)
    ON DELETE NO ACTION
    ON UPDATE NO ACTION,
  CONSTRAINT `fk_GS_PARTICIPANT_TEAM_GS_TEAM1`
    FOREIGN KEY (`GS_TEAM_ID`)
    REFERENCES `GS_TEAM` (`ID`)
    ON DELETE NO ACTION
    ON UPDATE NO ACTION,
  CONSTRAINT `fk_GS_PARTICIPANT_TEAM_GS_TEAM_ENTRANCE_TYPE1`
    FOREIGN KEY (`GS_TEAM_ENTRANCE_TYPE_ID`)
    REFERENCES `GS_TEAM_ENTRANCE_TYPE` (`ID`)
    ON DELETE NO ACTION
    ON UPDATE NO ACTION,
  CONSTRAINT `fk_GS_PARTICIPANT_TEAM_GS_TEAM_DEPARTURE_TYPE1`
    FOREIGN KEY (`GS_TEAM_DEPARTURE_TYPE_ID`)
    REFERENCES `GS_TEAM_DEPARTURE_TYPE` (`ID`)
    ON DELETE NO ACTION
    ON UPDATE NO ACTION)
ENGINE = InnoDB;


-- -----------------------------------------------------
-- Table `GS_GAME_ACTIVITY_TYPE`
-- -----------------------------------------------------
DROP TABLE IF EXISTS `GS_GAME_ACTIVITY_TYPE` ;

CREATE TABLE IF NOT EXISTS `GS_GAME_ACTIVITY_TYPE` (
  `ID` INT NOT NULL AUTO_INCREMENT,
  `NAME` VARCHAR(100) NOT NULL,
  `WEB_PATH` VARCHAR(100) NOT NULL,
  PRIMARY KEY (`ID`))
ENGINE = InnoDB;


-- -----------------------------------------------------
-- Table `GS_PARTICIPANT_X_GAME`
-- -----------------------------------------------------
DROP TABLE IF EXISTS `GS_PARTICIPANT_X_GAME` ;

CREATE TABLE IF NOT EXISTS `GS_PARTICIPANT_X_GAME` (
  `ID` INT NOT NULL AUTO_INCREMENT,
  `GS_PARTICIPANT_ID` INT NOT NULL,
  `GS_GAME_ID` INT NOT NULL,
  `GS_TEAM_ID` INT NOT NULL,
  `GS_GAME_ACTIVITY_TYPE_ID` INT NOT NULL,
  `GS_GAME_PARTICIPATION_TYPE_ID` INT NOT NULL,
  `RANKING` INT NOT NULL,
  PRIMARY KEY (`ID`),
  INDEX `fk_GS_PARTICIPANT_X_GAME_GS_PARTICIPANT1_idx` (`GS_PARTICIPANT_ID` ASC),
  INDEX `fk_GS_PARTICIPANT_X_GAME_GS_GAME1_idx` (`GS_GAME_ID` ASC),
  INDEX `fk_GS_PARTICIPANT_X_GAME_GS_TEAM1_idx` (`GS_TEAM_ID` ASC),
  INDEX `fk_GS_PARTICIPANT_X_GAME_GS_GAME_PARTICIPATION_TYPE1_idx` (`GS_GAME_ACTIVITY_TYPE_ID` ASC),
  INDEX `fk_GS_PARTICIPANT_X_GAME_GS_GAME_PARTICIPATION_TYPE2_idx` (`GS_GAME_PARTICIPATION_TYPE_ID` ASC),
  UNIQUE INDEX `uk_gs_participant_x_game` (`GS_PARTICIPANT_ID` ASC, `GS_GAME_ID` ASC),
  CONSTRAINT `fk_GS_PARTICIPANT_X_GAME_GS_PARTICIPANT1`
    FOREIGN KEY (`GS_PARTICIPANT_ID`)
    REFERENCES `GS_PARTICIPANT` (`ID`)
    ON DELETE NO ACTION
    ON UPDATE NO ACTION,
  CONSTRAINT `fk_GS_PARTICIPANT_X_GAME_GS_GAME1`
    FOREIGN KEY (`GS_GAME_ID`)
    REFERENCES `GS_GAME` (`ID`)
    ON DELETE NO ACTION
    ON UPDATE NO ACTION,
  CONSTRAINT `fk_GS_PARTICIPANT_X_GAME_GS_TEAM1`
    FOREIGN KEY (`GS_TEAM_ID`)
    REFERENCES `GS_TEAM` (`ID`)
    ON DELETE NO ACTION
    ON UPDATE NO ACTION,
  CONSTRAINT `fk_GS_PARTICIPANT_X_GAME_GS_GAME_PARTICIPATION_TYPE1`
    FOREIGN KEY (`GS_GAME_ACTIVITY_TYPE_ID`)
    REFERENCES `GS_GAME_ACTIVITY_TYPE` (`ID`)
    ON DELETE NO ACTION
    ON UPDATE NO ACTION,
  CONSTRAINT `fk_GS_PARTICIPANT_X_GAME_GS_GAME_PARTICIPATION_TYPE2`
    FOREIGN KEY (`GS_GAME_PARTICIPATION_TYPE_ID`)
    REFERENCES `GS_GAME_PARTICIPATION_TYPE` (`ID`)
    ON DELETE NO ACTION
    ON UPDATE NO ACTION)
ENGINE = InnoDB;


-- -----------------------------------------------------
-- Table `GS_PARTICIPANT_GAME_X_REWARD`
-- -----------------------------------------------------
DROP TABLE IF EXISTS `GS_PARTICIPANT_GAME_X_REWARD` ;

CREATE TABLE IF NOT EXISTS `GS_PARTICIPANT_GAME_X_REWARD` (
  `ID` INT NOT NULL AUTO_INCREMENT,
  `GS_PARTICIPANT_X_GAME_ID` INT NOT NULL,
  `GS_REWARD_ID` INT NOT NULL,
  `DISPLAY_ORDER` INT NOT NULL,
  PRIMARY KEY (`ID`),
  INDEX `fk_GS_PARTICIPANT_GAME_X_REWARD_GS_PARTICIPANT_X_GAME1_idx` (`GS_PARTICIPANT_X_GAME_ID` ASC),
  INDEX `fk_GS_PARTICIPANT_GAME_X_REWARD_GS_REWARD1_idx` (`GS_REWARD_ID` ASC),
  CONSTRAINT `fk_GS_PARTICIPANT_GAME_X_REWARD_GS_PARTICIPANT_X_GAME1`
    FOREIGN KEY (`GS_PARTICIPANT_X_GAME_ID`)
    REFERENCES `GS_PARTICIPANT_X_GAME` (`ID`)
    ON DELETE NO ACTION
    ON UPDATE NO ACTION,
  CONSTRAINT `fk_GS_PARTICIPANT_GAME_X_REWARD_GS_REWARD1`
    FOREIGN KEY (`GS_REWARD_ID`)
    REFERENCES `GS_REWARD` (`ID`)
    ON DELETE NO ACTION
    ON UPDATE NO ACTION)
ENGINE = InnoDB;


-- -----------------------------------------------------
-- Table `GS_GAME_TAG`
-- -----------------------------------------------------
DROP TABLE IF EXISTS `GS_GAME_TAG` ;

CREATE TABLE IF NOT EXISTS `GS_GAME_TAG` (
  `ID` INT NOT NULL AUTO_INCREMENT,
  `NAME` VARCHAR(45) NOT NULL,
  `WEB_PATH` VARCHAR(45) NOT NULL,
  PRIMARY KEY (`ID`))
ENGINE = InnoDB;


-- -----------------------------------------------------
-- Table `GS_GAME_X_TAG`
-- -----------------------------------------------------
DROP TABLE IF EXISTS `GS_GAME_X_TAG` ;

CREATE TABLE IF NOT EXISTS `GS_GAME_X_TAG` (
  `ID` INT NOT NULL AUTO_INCREMENT,
  `GS_GAME_ID` INT NOT NULL,
  `GS_GAME_TAG_ID` INT NOT NULL,
  `DISPLAY_ORDER` INT NOT NULL,
  `RANKING` INT NULL,
  PRIMARY KEY (`ID`),
  INDEX `fk_GS_GAME_X_TAG_GS_GAME1_idx` (`GS_GAME_ID` ASC),
  INDEX `fk_GS_GAME_X_TAG_GS_GAME_TAB1_idx` (`GS_GAME_TAG_ID` ASC),
  CONSTRAINT `fk_GS_GAME_X_TAG_GS_GAME1`
    FOREIGN KEY (`GS_GAME_ID`)
    REFERENCES `GS_GAME` (`ID`)
    ON DELETE NO ACTION
    ON UPDATE NO ACTION,
  CONSTRAINT `fk_GS_GAME_X_TAG_GS_GAME_TAB1`
    FOREIGN KEY (`GS_GAME_TAG_ID`)
    REFERENCES `GS_GAME_TAG` (`ID`)
    ON DELETE NO ACTION
    ON UPDATE NO ACTION)
ENGINE = InnoDB;


-- -----------------------------------------------------
-- Table `GS_REALISATION_TYPE`
-- -----------------------------------------------------
DROP TABLE IF EXISTS `GS_REALISATION_TYPE` ;

CREATE TABLE IF NOT EXISTS `GS_REALISATION_TYPE` (
  `ID` INT NOT NULL AUTO_INCREMENT,
  `NAME` VARCHAR(45) NOT NULL,
  `WEB_PATH` VARCHAR(45) NOT NULL,
  PRIMARY KEY (`ID`))
ENGINE = InnoDB;


-- -----------------------------------------------------
-- Table `GS_PARTICIPANT_TEAM_X_REALISATION`
-- -----------------------------------------------------
DROP TABLE IF EXISTS `GS_PARTICIPANT_TEAM_X_REALISATION` ;

CREATE TABLE IF NOT EXISTS `GS_PARTICIPANT_TEAM_X_REALISATION` (
  `ID` INT NOT NULL AUTO_INCREMENT,
  `GS_PARTICIPANT_TEAM_ID` INT NOT NULL,
  `GS_REALISATION_TYPE_ID` INT NOT NULL,
  `TIME_UNIT` INT NULL,
  `DISPLAY_ORDER` INT NOT NULL DEFAULT 1,
  PRIMARY KEY (`ID`),
  INDEX `fk_GS_PARTICIPANT_TEAM_X_REALISATION_GS_PARTICIPANT_TEAM1_idx` (`GS_PARTICIPANT_TEAM_ID` ASC),
  INDEX `fk_GS_PARTICIPANT_TEAM_X_REALISATION_GS_REALISATION_TYPE1_idx` (`GS_REALISATION_TYPE_ID` ASC),
  CONSTRAINT `fk_GS_PARTICIPANT_TEAM_X_REALISATION_GS_PARTICIPANT_TEAM1`
    FOREIGN KEY (`GS_PARTICIPANT_TEAM_ID`)
    REFERENCES `GS_PARTICIPANT_TEAM` (`ID`)
    ON DELETE NO ACTION
    ON UPDATE NO ACTION,
  CONSTRAINT `fk_GS_PARTICIPANT_TEAM_X_REALISATION_GS_REALISATION_TYPE1`
    FOREIGN KEY (`GS_REALISATION_TYPE_ID`)
    REFERENCES `GS_REALISATION_TYPE` (`ID`)
    ON DELETE NO ACTION
    ON UPDATE NO ACTION)
ENGINE = InnoDB;


-- -----------------------------------------------------
-- Table `GS_VOTE_TYPE`
-- -----------------------------------------------------
DROP TABLE IF EXISTS `GS_VOTE_TYPE` ;

CREATE TABLE IF NOT EXISTS `GS_VOTE_TYPE` (
  `ID` INT NOT NULL AUTO_INCREMENT,
  `NAME` VARCHAR(45) NOT NULL,
  `WEB_PATH` VARCHAR(45) NOT NULL,
  PRIMARY KEY (`ID`))
ENGINE = InnoDB;


-- -----------------------------------------------------
-- Table `GS_VOTE_EFFECTIVENESS_TYPE`
-- -----------------------------------------------------
DROP TABLE IF EXISTS `GS_VOTE_EFFECTIVENESS_TYPE` ;

CREATE TABLE IF NOT EXISTS `GS_VOTE_EFFECTIVENESS_TYPE` (
  `ID` INT NOT NULL AUTO_INCREMENT,
  `NAME` VARCHAR(45) NOT NULL,
  `WEB_PATH` VARCHAR(45) NOT NULL,
  PRIMARY KEY (`ID`))
ENGINE = InnoDB;


-- -----------------------------------------------------
-- Table `GS_VOTE`
-- -----------------------------------------------------
DROP TABLE IF EXISTS `GS_VOTE` ;

CREATE TABLE IF NOT EXISTS `GS_VOTE` (
  `ID` INT NOT NULL AUTO_INCREMENT,
  `GS_VOTER_PARTICIPANT_ID` INT NOT NULL,
  `GS_VOTER_TARGET_PARTICIPANT_ID` INT NOT NULL,
  `GS_TEAM_ID` INT NOT NULL,
  `VOTE_NUMBER` INT NOT NULL DEFAULT 1,
  `GS_VOTE_TYPE_ID` INT NOT NULL,
  `GS_VOTE_EFFECTIVENESS_TYPE_ID` INT NOT NULL,
  `TIME_UNIT` INT NOT NULL,
  `SEQUENCE` INT NOT NULL,
  PRIMARY KEY (`ID`),
  INDEX `fk_GS_VOTE_GS_PARTICIPANT1_idx` (`GS_VOTER_PARTICIPANT_ID` ASC),
  INDEX `fk_GS_VOTE_GS_PARTICIPANT2_idx` (`GS_VOTER_TARGET_PARTICIPANT_ID` ASC),
  INDEX `fk_GS_VOTE_GS_TEAM1_idx` (`GS_TEAM_ID` ASC),
  INDEX `fk_GS_VOTE_GS_VOTE_TYPE1_idx` (`GS_VOTE_TYPE_ID` ASC),
  INDEX `fk_GS_VOTE_GS_VOTE_EFFECTIVENESS_TYPE1_idx` (`GS_VOTE_EFFECTIVENESS_TYPE_ID` ASC),
  UNIQUE INDEX `UK_GS_VOTE` (`GS_VOTER_PARTICIPANT_ID` ASC, `GS_VOTER_TARGET_PARTICIPANT_ID` ASC, `GS_TEAM_ID` ASC, `VOTE_NUMBER` ASC, `TIME_UNIT` ASC, `SEQUENCE` ASC) COMMENT 'Some player can vote twice',
  CONSTRAINT `fk_GS_VOTE_GS_PARTICIPANT1`
    FOREIGN KEY (`GS_VOTER_PARTICIPANT_ID`)
    REFERENCES `GS_PARTICIPANT` (`ID`)
    ON DELETE NO ACTION
    ON UPDATE NO ACTION,
  CONSTRAINT `fk_GS_VOTE_GS_PARTICIPANT2`
    FOREIGN KEY (`GS_VOTER_TARGET_PARTICIPANT_ID`)
    REFERENCES `GS_PARTICIPANT` (`ID`)
    ON DELETE NO ACTION
    ON UPDATE NO ACTION,
  CONSTRAINT `fk_GS_VOTE_GS_TEAM1`
    FOREIGN KEY (`GS_TEAM_ID`)
    REFERENCES `GS_TEAM` (`ID`)
    ON DELETE NO ACTION
    ON UPDATE NO ACTION,
  CONSTRAINT `fk_GS_VOTE_GS_VOTE_TYPE1`
    FOREIGN KEY (`GS_VOTE_TYPE_ID`)
    REFERENCES `GS_VOTE_TYPE` (`ID`)
    ON DELETE NO ACTION
    ON UPDATE NO ACTION,
  CONSTRAINT `fk_GS_VOTE_GS_VOTE_EFFECTIVENESS_TYPE1`
    FOREIGN KEY (`GS_VOTE_EFFECTIVENESS_TYPE_ID`)
    REFERENCES `GS_VOTE_EFFECTIVENESS_TYPE` (`ID`)
    ON DELETE NO ACTION
    ON UPDATE NO ACTION)
ENGINE = InnoDB;


-- -----------------------------------------------------
-- Table `GS_TEAM_X_GAME`
-- -----------------------------------------------------
DROP TABLE IF EXISTS `GS_TEAM_X_GAME` ;

CREATE TABLE IF NOT EXISTS `GS_TEAM_X_GAME` (
  `ID` INT NOT NULL AUTO_INCREMENT,
  `RANKING` INT NOT NULL,
  `GS_TEAM_ID` INT NOT NULL,
  `GS_GAME_ID` INT NOT NULL,
  PRIMARY KEY (`ID`),
  INDEX `fk_GS_TEAM_X_GAME_GS_TEAM1_idx` (`GS_TEAM_ID` ASC),
  INDEX `fk_GS_TEAM_X_GAME_GS_GAME1_idx` (`GS_GAME_ID` ASC),
  UNIQUE INDEX `UK_GS_TEAM_X_GAME` (`GS_TEAM_ID` ASC, `GS_GAME_ID` ASC),
  CONSTRAINT `fk_GS_TEAM_X_GAME_GS_TEAM1`
    FOREIGN KEY (`GS_TEAM_ID`)
    REFERENCES `GS_TEAM` (`ID`)
    ON DELETE NO ACTION
    ON UPDATE NO ACTION,
  CONSTRAINT `fk_GS_TEAM_X_GAME_GS_GAME1`
    FOREIGN KEY (`GS_GAME_ID`)
    REFERENCES `GS_GAME` (`ID`)
    ON DELETE NO ACTION
    ON UPDATE NO ACTION)
ENGINE = InnoDB;


-- -----------------------------------------------------
-- Data for table `GS_TIME_UNIT_TYPE`
-- -----------------------------------------------------
START TRANSACTION;
INSERT INTO `GS_TIME_UNIT_TYPE` (`ID`, `TYPE`) VALUES (1, 'DAY');

COMMIT;


-- -----------------------------------------------------
-- Data for table `GS_LOCATION`
-- -----------------------------------------------------
START TRANSACTION;
INSERT INTO `GS_LOCATION` (`ID`, `PLACE`, `PLACE_WEB_PATH`, `COUNTRY`, `COUNTRY_WEB_PATH`, `COUNTRY_FLAG`, `LATITUDE`, `LONGITUDE`) VALUES (1, 'Fidji', 'fidji', 'Fidji', 'fidji', 'Fidji.png', NULL, NULL);
INSERT INTO `GS_LOCATION` (`ID`, `PLACE`, `PLACE_WEB_PATH`, `COUNTRY`, `COUNTRY_WEB_PATH`, `COUNTRY_FLAG`, `LATITUDE`, `LONGITUDE`) VALUES (2, 'Polynésie française', 'polynesie-francaise', 'France', 'france', 'France.png', NULL, NULL);

COMMIT;


-- -----------------------------------------------------
-- Data for table `GS_PROGRAM`
-- -----------------------------------------------------
START TRANSACTION;
INSERT INTO `GS_PROGRAM` (`ID`, `EDITION_NUMBER`, `YEAR`, `NAME`, `WEB_PATH`, `GS_TIME_UNIT_TYPE_ID`, `TOTAL_TIME_LENGTH`, `GS_LOCATION_ID`, `IS_ACTIVE`) VALUES (1, 20, 2020, 'Les quatre terres', 'les-quatre-terres', 1, 40, 1, 1);
INSERT INTO `GS_PROGRAM` (`ID`, `EDITION_NUMBER`, `YEAR`, `NAME`, `WEB_PATH`, `GS_TIME_UNIT_TYPE_ID`, `TOTAL_TIME_LENGTH`, `GS_LOCATION_ID`, `IS_ACTIVE`) VALUES (2, 21, 2021, 'Les armes secrètes', 'les-armes-secretes', 1, 35, 2, 1);

COMMIT;


-- -----------------------------------------------------
-- Data for table `GS_PLAYER`
-- -----------------------------------------------------
START TRANSACTION;
INSERT INTO `GS_PLAYER` (`ID`, `NAME`, `FAMILY_NAME`, `WEB_PATH`, `SEX`, `BIRTH_YEAR`, `BIRTH_DATE`) VALUES (1, 'Bertrand-Kamal', NULL, 'bertrand-kamal-2020', 'M', NULL, NULL);
INSERT INTO `GS_PLAYER` (`ID`, `NAME`, `FAMILY_NAME`, `WEB_PATH`, `SEX`, `BIRTH_YEAR`, `BIRTH_DATE`) VALUES (2, 'Loïc', NULL, 'loic-2020', 'F', NULL, NULL);
INSERT INTO `GS_PLAYER` (`ID`, `NAME`, `FAMILY_NAME`, `WEB_PATH`, `SEX`, `BIRTH_YEAR`, `BIRTH_DATE`) VALUES (3, 'Alexandra', NULL, 'alexandra-2020', 'F', NULL, NULL);
INSERT INTO `GS_PLAYER` (`ID`, `NAME`, `FAMILY_NAME`, `WEB_PATH`, `SEX`, `BIRTH_YEAR`, `BIRTH_DATE`) VALUES (4, 'Hadja', NULL, 'hadja-2020', 'F', NULL, NULL);
INSERT INTO `GS_PLAYER` (`ID`, `NAME`, `FAMILY_NAME`, `WEB_PATH`, `SEX`, `BIRTH_YEAR`, `BIRTH_DATE`) VALUES (5, 'Laurent', NULL, 'laurent-2020', 'M', NULL, NULL);
INSERT INTO `GS_PLAYER` (`ID`, `NAME`, `FAMILY_NAME`, `WEB_PATH`, `SEX`, `BIRTH_YEAR`, `BIRTH_DATE`) VALUES (6, 'Joaquina', NULL, 'joaquina-2020', 'F', NULL, NULL);
INSERT INTO `GS_PLAYER` (`ID`, `NAME`, `FAMILY_NAME`, `WEB_PATH`, `SEX`, `BIRTH_YEAR`, `BIRTH_DATE`) VALUES (7, 'Brice', NULL, 'brice-2020', 'M', NULL, NULL);
INSERT INTO `GS_PLAYER` (`ID`, `NAME`, `FAMILY_NAME`, `WEB_PATH`, `SEX`, `BIRTH_YEAR`, `BIRTH_DATE`) VALUES (8, 'Diana', NULL, 'diane-2020', 'F', NULL, NULL);
INSERT INTO `GS_PLAYER` (`ID`, `NAME`, `FAMILY_NAME`, `WEB_PATH`, `SEX`, `BIRTH_YEAR`, `BIRTH_DATE`) VALUES (9, 'François', NULL, 'francois-2020', 'M', NULL, NULL);
INSERT INTO `GS_PLAYER` (`ID`, `NAME`, `FAMILY_NAME`, `WEB_PATH`, `SEX`, `BIRTH_YEAR`, `BIRTH_DATE`) VALUES (10, 'Dorian', NULL, 'dorian-2020', 'M', NULL, NULL);
INSERT INTO `GS_PLAYER` (`ID`, `NAME`, `FAMILY_NAME`, `WEB_PATH`, `SEX`, `BIRTH_YEAR`, `BIRTH_DATE`) VALUES (11, 'Estelle', NULL, 'estelle-2020', 'F', NULL, NULL);
INSERT INTO `GS_PLAYER` (`ID`, `NAME`, `FAMILY_NAME`, `WEB_PATH`, `SEX`, `BIRTH_YEAR`, `BIRTH_DATE`) VALUES (12, 'Jody', NULL, 'jody-2020', 'F', NULL, NULL);
INSERT INTO `GS_PLAYER` (`ID`, `NAME`, `FAMILY_NAME`, `WEB_PATH`, `SEX`, `BIRTH_YEAR`, `BIRTH_DATE`) VALUES (13, 'Lola', NULL, 'lola-2020', 'F', NULL, NULL);
INSERT INTO `GS_PLAYER` (`ID`, `NAME`, `FAMILY_NAME`, `WEB_PATH`, `SEX`, `BIRTH_YEAR`, `BIRTH_DATE`) VALUES (14, 'Fabrice', NULL, 'fabrice-2020', 'M', NULL, NULL);
INSERT INTO `GS_PLAYER` (`ID`, `NAME`, `FAMILY_NAME`, `WEB_PATH`, `SEX`, `BIRTH_YEAR`, `BIRTH_DATE`) VALUES (15, 'Angélique', NULL, 'angelique-2020', 'F', NULL, NULL);
INSERT INTO `GS_PLAYER` (`ID`, `NAME`, `FAMILY_NAME`, `WEB_PATH`, `SEX`, `BIRTH_YEAR`, `BIRTH_DATE`) VALUES (16, 'Adrien', NULL, 'adrien-2020', 'M', NULL, NULL);
INSERT INTO `GS_PLAYER` (`ID`, `NAME`, `FAMILY_NAME`, `WEB_PATH`, `SEX`, `BIRTH_YEAR`, `BIRTH_DATE`) VALUES (17, 'Marie-France', NULL, 'marie-france-2020', 'F', NULL, NULL);
INSERT INTO `GS_PLAYER` (`ID`, `NAME`, `FAMILY_NAME`, `WEB_PATH`, `SEX`, `BIRTH_YEAR`, `BIRTH_DATE`) VALUES (18, 'Samuel', NULL, 'samuel-2020', 'M', NULL, NULL);
INSERT INTO `GS_PLAYER` (`ID`, `NAME`, `FAMILY_NAME`, `WEB_PATH`, `SEX`, `BIRTH_YEAR`, `BIRTH_DATE`) VALUES (19, 'Alix', NULL, 'alix-2020', 'F', NULL, NULL);
INSERT INTO `GS_PLAYER` (`ID`, `NAME`, `FAMILY_NAME`, `WEB_PATH`, `SEX`, `BIRTH_YEAR`, `BIRTH_DATE`) VALUES (20, 'Sébastien', NULL, 'sebastien-2020', 'M', NULL, NULL);
INSERT INTO `GS_PLAYER` (`ID`, `NAME`, `FAMILY_NAME`, `WEB_PATH`, `SEX`, `BIRTH_YEAR`, `BIRTH_DATE`) VALUES (21, 'Carole', NULL, 'carole-2020', 'F', NULL, NULL);
INSERT INTO `GS_PLAYER` (`ID`, `NAME`, `FAMILY_NAME`, `WEB_PATH`, `SEX`, `BIRTH_YEAR`, `BIRTH_DATE`) VALUES (22, 'Mathieu', NULL, 'mathieu-2020', 'M', NULL, NULL);
INSERT INTO `GS_PLAYER` (`ID`, `NAME`, `FAMILY_NAME`, `WEB_PATH`, `SEX`, `BIRTH_YEAR`, `BIRTH_DATE`) VALUES (23, 'Aubin', NULL, 'aubin-2020', 'M', NULL, NULL);
INSERT INTO `GS_PLAYER` (`ID`, `NAME`, `FAMILY_NAME`, `WEB_PATH`, `SEX`, `BIRTH_YEAR`, `BIRTH_DATE`) VALUES (24, 'Ava', NULL, 'ava-2020', 'F', NULL, NULL);
INSERT INTO `GS_PLAYER` (`ID`, `NAME`, `FAMILY_NAME`, `WEB_PATH`, `SEX`, `BIRTH_YEAR`, `BIRTH_DATE`) VALUES (25, 'Arnaud', NULL, 'arnaud-2021', 'M', NULL, NULL);
INSERT INTO `GS_PLAYER` (`ID`, `NAME`, `FAMILY_NAME`, `WEB_PATH`, `SEX`, `BIRTH_YEAR`, `BIRTH_DATE`) VALUES (26, 'Myriam', NULL, 'myriam-2021', 'F', NULL, NULL);
INSERT INTO `GS_PLAYER` (`ID`, `NAME`, `FAMILY_NAME`, `WEB_PATH`, `SEX`, `BIRTH_YEAR`, `BIRTH_DATE`) VALUES (27, 'Maxine', NULL, 'maxine-2021', 'F', NULL, NULL);
INSERT INTO `GS_PLAYER` (`ID`, `NAME`, `FAMILY_NAME`, `WEB_PATH`, `SEX`, `BIRTH_YEAR`, `BIRTH_DATE`) VALUES (28, 'Mathieu', NULL, 'mathieu-2021', 'M', NULL, NULL);
INSERT INTO `GS_PLAYER` (`ID`, `NAME`, `FAMILY_NAME`, `WEB_PATH`, `SEX`, `BIRTH_YEAR`, `BIRTH_DATE`) VALUES (29, 'Flavio', NULL, 'flavio-2021', 'M', NULL, NULL);
INSERT INTO `GS_PLAYER` (`ID`, `NAME`, `FAMILY_NAME`, `WEB_PATH`, `SEX`, `BIRTH_YEAR`, `BIRTH_DATE`) VALUES (30, 'Marie', NULL, 'marie-2021', 'F', NULL, NULL);
INSERT INTO `GS_PLAYER` (`ID`, `NAME`, `FAMILY_NAME`, `WEB_PATH`, `SEX`, `BIRTH_YEAR`, `BIRTH_DATE`) VALUES (31, 'Frédéric', NULL, 'frederic-2021', 'M', NULL, NULL);
INSERT INTO `GS_PLAYER` (`ID`, `NAME`, `FAMILY_NAME`, `WEB_PATH`, `SEX`, `BIRTH_YEAR`, `BIRTH_DATE`) VALUES (32, 'Laëtitia', NULL, 'laetitia-2021', 'F', NULL, NULL);
INSERT INTO `GS_PLAYER` (`ID`, `NAME`, `FAMILY_NAME`, `WEB_PATH`, `SEX`, `BIRTH_YEAR`, `BIRTH_DATE`) VALUES (33, 'Laure', NULL, 'laure-2021', 'F', NULL, NULL);
INSERT INTO `GS_PLAYER` (`ID`, `NAME`, `FAMILY_NAME`, `WEB_PATH`, `SEX`, `BIRTH_YEAR`, `BIRTH_DATE`) VALUES (34, 'Thomas', NULL, 'thomas-2021', 'M', NULL, NULL);
INSERT INTO `GS_PLAYER` (`ID`, `NAME`, `FAMILY_NAME`, `WEB_PATH`, `SEX`, `BIRTH_YEAR`, `BIRTH_DATE`) VALUES (35, 'Sylviane', NULL, 'sylviane-2021', 'F', NULL, NULL);
INSERT INTO `GS_PLAYER` (`ID`, `NAME`, `FAMILY_NAME`, `WEB_PATH`, `SEX`, `BIRTH_YEAR`, `BIRTH_DATE`) VALUES (36, 'Aurélien', NULL, 'aurelien-2021', 'M', NULL, NULL);
INSERT INTO `GS_PLAYER` (`ID`, `NAME`, `FAMILY_NAME`, `WEB_PATH`, `SEX`, `BIRTH_YEAR`, `BIRTH_DATE`) VALUES (37, 'Vincent', NULL, 'vincent-2021', 'M', NULL, NULL);
INSERT INTO `GS_PLAYER` (`ID`, `NAME`, `FAMILY_NAME`, `WEB_PATH`, `SEX`, `BIRTH_YEAR`, `BIRTH_DATE`) VALUES (38, 'Shanice', NULL, 'shanice-2021', 'F', NULL, NULL);
INSERT INTO `GS_PLAYER` (`ID`, `NAME`, `FAMILY_NAME`, `WEB_PATH`, `SEX`, `BIRTH_YEAR`, `BIRTH_DATE`) VALUES (39, 'Gabin', NULL, 'gabin-2021', 'M', NULL, NULL);
INSERT INTO `GS_PLAYER` (`ID`, `NAME`, `FAMILY_NAME`, `WEB_PATH`, `SEX`, `BIRTH_YEAR`, `BIRTH_DATE`) VALUES (40, 'Magali', NULL, 'magali-2021', 'F', NULL, NULL);
INSERT INTO `GS_PLAYER` (`ID`, `NAME`, `FAMILY_NAME`, `WEB_PATH`, `SEX`, `BIRTH_YEAR`, `BIRTH_DATE`) VALUES (41, 'Jonathan', NULL, 'jonathan-2021', 'M', NULL, NULL);
INSERT INTO `GS_PLAYER` (`ID`, `NAME`, `FAMILY_NAME`, `WEB_PATH`, `SEX`, `BIRTH_YEAR`, `BIRTH_DATE`) VALUES (42, 'Candice', NULL, 'candice-2021', 'F', NULL, NULL);
INSERT INTO `GS_PLAYER` (`ID`, `NAME`, `FAMILY_NAME`, `WEB_PATH`, `SEX`, `BIRTH_YEAR`, `BIRTH_DATE`) VALUES (43, 'Hervé', NULL, 'herve-2021', 'M', NULL, NULL);
INSERT INTO `GS_PLAYER` (`ID`, `NAME`, `FAMILY_NAME`, `WEB_PATH`, `SEX`, `BIRTH_YEAR`, `BIRTH_DATE`) VALUES (44, 'Elodie', NULL, 'elodie-2021', 'F', NULL, NULL);

COMMIT;


-- -----------------------------------------------------
-- Data for table `GS_PARTICIPANT`
-- -----------------------------------------------------
START TRANSACTION;
INSERT INTO `GS_PARTICIPANT` (`ID`, `GS_PROGRAM_ID`, `GS_PLAYER_ID`, `AGE`, `FINAL_POSITION`) VALUES (1, 1, 1, NULL, NULL);
INSERT INTO `GS_PARTICIPANT` (`ID`, `GS_PROGRAM_ID`, `GS_PLAYER_ID`, `AGE`, `FINAL_POSITION`) VALUES (2, 1, 2, NULL, NULL);
INSERT INTO `GS_PARTICIPANT` (`ID`, `GS_PROGRAM_ID`, `GS_PLAYER_ID`, `AGE`, `FINAL_POSITION`) VALUES (3, 1, 3, NULL, NULL);
INSERT INTO `GS_PARTICIPANT` (`ID`, `GS_PROGRAM_ID`, `GS_PLAYER_ID`, `AGE`, `FINAL_POSITION`) VALUES (4, 1, 4, NULL, NULL);
INSERT INTO `GS_PARTICIPANT` (`ID`, `GS_PROGRAM_ID`, `GS_PLAYER_ID`, `AGE`, `FINAL_POSITION`) VALUES (5, 1, 5, NULL, NULL);
INSERT INTO `GS_PARTICIPANT` (`ID`, `GS_PROGRAM_ID`, `GS_PLAYER_ID`, `AGE`, `FINAL_POSITION`) VALUES (6, 1, 6, NULL, NULL);
INSERT INTO `GS_PARTICIPANT` (`ID`, `GS_PROGRAM_ID`, `GS_PLAYER_ID`, `AGE`, `FINAL_POSITION`) VALUES (7, 1, 7, NULL, NULL);
INSERT INTO `GS_PARTICIPANT` (`ID`, `GS_PROGRAM_ID`, `GS_PLAYER_ID`, `AGE`, `FINAL_POSITION`) VALUES (8, 1, 8, NULL, NULL);
INSERT INTO `GS_PARTICIPANT` (`ID`, `GS_PROGRAM_ID`, `GS_PLAYER_ID`, `AGE`, `FINAL_POSITION`) VALUES (9, 1, 9, NULL, NULL);
INSERT INTO `GS_PARTICIPANT` (`ID`, `GS_PROGRAM_ID`, `GS_PLAYER_ID`, `AGE`, `FINAL_POSITION`) VALUES (10, 1, 10, NULL, NULL);
INSERT INTO `GS_PARTICIPANT` (`ID`, `GS_PROGRAM_ID`, `GS_PLAYER_ID`, `AGE`, `FINAL_POSITION`) VALUES (11, 1, 11, NULL, NULL);
INSERT INTO `GS_PARTICIPANT` (`ID`, `GS_PROGRAM_ID`, `GS_PLAYER_ID`, `AGE`, `FINAL_POSITION`) VALUES (12, 1, 12, NULL, NULL);
INSERT INTO `GS_PARTICIPANT` (`ID`, `GS_PROGRAM_ID`, `GS_PLAYER_ID`, `AGE`, `FINAL_POSITION`) VALUES (13, 1, 13, NULL, NULL);
INSERT INTO `GS_PARTICIPANT` (`ID`, `GS_PROGRAM_ID`, `GS_PLAYER_ID`, `AGE`, `FINAL_POSITION`) VALUES (14, 1, 14, NULL, NULL);
INSERT INTO `GS_PARTICIPANT` (`ID`, `GS_PROGRAM_ID`, `GS_PLAYER_ID`, `AGE`, `FINAL_POSITION`) VALUES (15, 1, 15, NULL, NULL);
INSERT INTO `GS_PARTICIPANT` (`ID`, `GS_PROGRAM_ID`, `GS_PLAYER_ID`, `AGE`, `FINAL_POSITION`) VALUES (16, 1, 16, NULL, NULL);
INSERT INTO `GS_PARTICIPANT` (`ID`, `GS_PROGRAM_ID`, `GS_PLAYER_ID`, `AGE`, `FINAL_POSITION`) VALUES (17, 1, 17, NULL, NULL);
INSERT INTO `GS_PARTICIPANT` (`ID`, `GS_PROGRAM_ID`, `GS_PLAYER_ID`, `AGE`, `FINAL_POSITION`) VALUES (18, 1, 18, NULL, NULL);
INSERT INTO `GS_PARTICIPANT` (`ID`, `GS_PROGRAM_ID`, `GS_PLAYER_ID`, `AGE`, `FINAL_POSITION`) VALUES (19, 1, 19, NULL, NULL);
INSERT INTO `GS_PARTICIPANT` (`ID`, `GS_PROGRAM_ID`, `GS_PLAYER_ID`, `AGE`, `FINAL_POSITION`) VALUES (20, 1, 20, NULL, NULL);
INSERT INTO `GS_PARTICIPANT` (`ID`, `GS_PROGRAM_ID`, `GS_PLAYER_ID`, `AGE`, `FINAL_POSITION`) VALUES (21, 1, 21, NULL, NULL);
INSERT INTO `GS_PARTICIPANT` (`ID`, `GS_PROGRAM_ID`, `GS_PLAYER_ID`, `AGE`, `FINAL_POSITION`) VALUES (22, 1, 22, NULL, NULL);
INSERT INTO `GS_PARTICIPANT` (`ID`, `GS_PROGRAM_ID`, `GS_PLAYER_ID`, `AGE`, `FINAL_POSITION`) VALUES (23, 1, 23, NULL, NULL);
INSERT INTO `GS_PARTICIPANT` (`ID`, `GS_PROGRAM_ID`, `GS_PLAYER_ID`, `AGE`, `FINAL_POSITION`) VALUES (24, 1, 24, NULL, NULL);

COMMIT;


-- -----------------------------------------------------
-- Data for table `GS_GAME_TYPE`
-- -----------------------------------------------------
START TRANSACTION;
INSERT INTO `GS_GAME_TYPE` (`ID`, `NAME`, `WEB_PATH`, `DESCRIPTION`) VALUES (1, 'Poursuite chargée', 'poursuite-chargee', NULL);
INSERT INTO `GS_GAME_TYPE` (`ID`, `NAME`, `WEB_PATH`, `DESCRIPTION`) VALUES (2, 'Parcours chargé', 'parcours-charge', NULL);
INSERT INTO `GS_GAME_TYPE` (`ID`, `NAME`, `WEB_PATH`, `DESCRIPTION`) VALUES (3, 'Radeaux', 'radeaux', 'Construction de radeaux et navigation en mer');
INSERT INTO `GS_GAME_TYPE` (`ID`, `NAME`, `WEB_PATH`, `DESCRIPTION`) VALUES (4, 'Parcours en relai', 'parcours-en-relai', NULL);
INSERT INTO `GS_GAME_TYPE` (`ID`, `NAME`, `WEB_PATH`, `DESCRIPTION`) VALUES (5, 'Relai aquatique avec charge', 'relai-aquatique-avec-charge', NULL);
INSERT INTO `GS_GAME_TYPE` (`ID`, `NAME`, `WEB_PATH`, `DESCRIPTION`) VALUES (6, 'Classement des boules', 'classement-des-boules', NULL);
INSERT INTO `GS_GAME_TYPE` (`ID`, `NAME`, `WEB_PATH`, `DESCRIPTION`) VALUES (7, 'Parcours de billes', 'parcours-de-billes', NULL);
INSERT INTO `GS_GAME_TYPE` (`ID`, `NAME`, `WEB_PATH`, `DESCRIPTION`) VALUES (8, 'Equilibre des bamboos', 'equilibre-des-bamboos', NULL);
INSERT INTO `GS_GAME_TYPE` (`ID`, `NAME`, `WEB_PATH`, `DESCRIPTION`) VALUES (9, 'Prisonier', 'prisonier', NULL);
INSERT INTO `GS_GAME_TYPE` (`ID`, `NAME`, `WEB_PATH`, `DESCRIPTION`) VALUES (10, 'Koala', 'koala', NULL);
INSERT INTO `GS_GAME_TYPE` (`ID`, `NAME`, `WEB_PATH`, `DESCRIPTION`) VALUES (11, 'Flambeaux', 'flambeaux', NULL);
INSERT INTO `GS_GAME_TYPE` (`ID`, `NAME`, `WEB_PATH`, `DESCRIPTION`) VALUES (12, 'Bamboo', 'bamboo', NULL);
INSERT INTO `GS_GAME_TYPE` (`ID`, `NAME`, `WEB_PATH`, `DESCRIPTION`) VALUES (13, 'Douche', 'douche', NULL);
INSERT INTO `GS_GAME_TYPE` (`ID`, `NAME`, `WEB_PATH`, `DESCRIPTION`) VALUES (14, 'Boue', 'boue', NULL);
INSERT INTO `GS_GAME_TYPE` (`ID`, `NAME`, `WEB_PATH`, `DESCRIPTION`) VALUES (15, 'Guide-aveugle', 'guide-aveugle', NULL);
INSERT INTO `GS_GAME_TYPE` (`ID`, `NAME`, `WEB_PATH`, `DESCRIPTION`) VALUES (16, 'Poteries suspendues', 'poteries-suspendues', NULL);
INSERT INTO `GS_GAME_TYPE` (`ID`, `NAME`, `WEB_PATH`, `DESCRIPTION`) VALUES (17, 'Malle-nouée', 'malle-nouee', NULL);
INSERT INTO `GS_GAME_TYPE` (`ID`, `NAME`, `WEB_PATH`, `DESCRIPTION`) VALUES (19, 'Equilibre poteries', 'equilibre-poteries', NULL);
INSERT INTO `GS_GAME_TYPE` (`ID`, `NAME`, `WEB_PATH`, `DESCRIPTION`) VALUES (20, 'Grapin', 'grapin', NULL);
INSERT INTO `GS_GAME_TYPE` (`ID`, `NAME`, `WEB_PATH`, `DESCRIPTION`) VALUES (21, 'Parcours en cinq étapes', 'parcours-en-cinq-etapes', NULL);
INSERT INTO `GS_GAME_TYPE` (`ID`, `NAME`, `WEB_PATH`, `DESCRIPTION`) VALUES (22, 'Figure de proue', 'figure-de-proue', NULL);
INSERT INTO `GS_GAME_TYPE` (`ID`, `NAME`, `WEB_PATH`, `DESCRIPTION`) VALUES (23, 'Parcours du combattant', 'parcours-du-combattant', NULL);
INSERT INTO `GS_GAME_TYPE` (`ID`, `NAME`, `WEB_PATH`, `DESCRIPTION`) VALUES (24, 'Elévation d\'une tour', 'elevation-tour', NULL);
INSERT INTO `GS_GAME_TYPE` (`ID`, `NAME`, `WEB_PATH`, `DESCRIPTION`) VALUES (25, 'Pallets', 'pallets', NULL);
INSERT INTO `GS_GAME_TYPE` (`ID`, `NAME`, `WEB_PATH`, `DESCRIPTION`) VALUES (26, 'Croisillons', 'croisillons', NULL);
INSERT INTO `GS_GAME_TYPE` (`ID`, `NAME`, `WEB_PATH`, `DESCRIPTION`) VALUES (27, 'Empillement de boules', 'empillement-de-boules', NULL);
INSERT INTO `GS_GAME_TYPE` (`ID`, `NAME`, `WEB_PATH`, `DESCRIPTION`) VALUES (28, 'Flèche cassée', 'fleche-cassee', NULL);
INSERT INTO `GS_GAME_TYPE` (`ID`, `NAME`, `WEB_PATH`, `DESCRIPTION`) VALUES (29, 'Labyrinthe', 'labyrinthe', NULL);
INSERT INTO `GS_GAME_TYPE` (`ID`, `NAME`, `WEB_PATH`, `DESCRIPTION`) VALUES (30, 'Orientation', 'orientation', NULL);
INSERT INTO `GS_GAME_TYPE` (`ID`, `NAME`, `WEB_PATH`, `DESCRIPTION`) VALUES (31, 'Poteaux', 'poteaux', NULL);
INSERT INTO `GS_GAME_TYPE` (`ID`, `NAME`, `WEB_PATH`, `DESCRIPTION`) VALUES (32, 'Parcours feu', 'parcours-feu', NULL);
INSERT INTO `GS_GAME_TYPE` (`ID`, `NAME`, `WEB_PATH`, `DESCRIPTION`) VALUES (33, 'Equilibre entre plateformes', 'equilibre-entre-plateformes', NULL);
INSERT INTO `GS_GAME_TYPE` (`ID`, `NAME`, `WEB_PATH`, `DESCRIPTION`) VALUES (34, 'Parcours-puzzle', 'parcours-puzzle', NULL);
INSERT INTO `GS_GAME_TYPE` (`ID`, `NAME`, `WEB_PATH`, `DESCRIPTION`) VALUES (35, 'Fugitif', 'fugitif', NULL);
INSERT INTO `GS_GAME_TYPE` (`ID`, `NAME`, `WEB_PATH`, `DESCRIPTION`) VALUES (36, 'Parcours lesté', 'parcours-leste', NULL);

COMMIT;


-- -----------------------------------------------------
-- Data for table `GS_GAME_STAKE_TYPE`
-- -----------------------------------------------------
START TRANSACTION;
INSERT INTO `GS_GAME_STAKE_TYPE` (`ID`, `NAME`, `WEB_PATH`, `DESCRIPTION`) VALUES (1, 'Confort', 'confort', 'Epreuve de confort');
INSERT INTO `GS_GAME_STAKE_TYPE` (`ID`, `NAME`, `WEB_PATH`, `DESCRIPTION`) VALUES (2, 'Immunité', 'immunite', 'Epreuve d\'immunité');
INSERT INTO `GS_GAME_STAKE_TYPE` (`ID`, `NAME`, `WEB_PATH`, `DESCRIPTION`) VALUES (3, 'Capitaine', 'capitaine', 'Désignation des chefs d\'équipe');
INSERT INTO `GS_GAME_STAKE_TYPE` (`ID`, `NAME`, `WEB_PATH`, `DESCRIPTION`) VALUES (4, 'Qualification aux poteaux', 'qualification-poteaux', 'Qualification pour les poteaux');
INSERT INTO `GS_GAME_STAKE_TYPE` (`ID`, `NAME`, `WEB_PATH`, `DESCRIPTION`) VALUES (5, 'Finale', 'finale', 'Désignation du vainqueur par vote');
INSERT INTO `GS_GAME_STAKE_TYPE` (`ID`, `NAME`, `WEB_PATH`, `DESCRIPTION`) VALUES (6, 'Selection intiale', 'selection-initiale', NULL);

COMMIT;


-- -----------------------------------------------------
-- Data for table `GS_GAME_PARTICIPATION_TYPE`
-- -----------------------------------------------------
START TRANSACTION;
INSERT INTO `GS_GAME_PARTICIPATION_TYPE` (`ID`, `NAME`, `WEB_PATH`) VALUES (1, 'Collectif', 'collectif');
INSERT INTO `GS_GAME_PARTICIPATION_TYPE` (`ID`, `NAME`, `WEB_PATH`) VALUES (2, 'Individuel', 'individuel');
INSERT INTO `GS_GAME_PARTICIPATION_TYPE` (`ID`, `NAME`, `WEB_PATH`) VALUES (3, 'Binôme', 'binome');
INSERT INTO `GS_GAME_PARTICIPATION_TYPE` (`ID`, `NAME`, `WEB_PATH`) VALUES (4, 'Quadrinôme', 'quadrinome');
INSERT INTO `GS_GAME_PARTICIPATION_TYPE` (`ID`, `NAME`, `WEB_PATH`) VALUES (5 , 'Equipe composée', 'equipe-composee');
INSERT INTO `GS_GAME_PARTICIPATION_TYPE` (`ID`, `NAME`, `WEB_PATH`) VALUES (6, 'Individuel dans l\'équipe composée', 'individuel-equipe-composee');

COMMIT;


-- -----------------------------------------------------
-- Data for table `GS_GAME`
-- -----------------------------------------------------
START TRANSACTION;
INSERT INTO `GS_GAME` (`ID`, `NAME`, `WEB_PATH`, `TIME_POSITION`, `TIME_UNIT_INDEX`, `GS_GAME_TYPE_ID`, `PROGRAM_INDEX`, `GS_GAME_STAKE_TYPE_ID`, `GS_PROGRAM_ID`, `GS_GAME_PARTICIPATION_TYPE_ID`) VALUES (1, 'Poursuite par équipe', 'poursuite-par-equipe-2020', '1', 1, 1, 1, 1, 1, 1);
INSERT INTO `GS_GAME` (`ID`, `NAME`, `WEB_PATH`, `TIME_POSITION`, `TIME_UNIT_INDEX`, `GS_GAME_TYPE_ID`, `PROGRAM_INDEX`, `GS_GAME_STAKE_TYPE_ID`, `GS_PROGRAM_ID`, `GS_GAME_PARTICIPATION_TYPE_ID`) VALUES (2, 'Parcours relai avec obstacles', 'parcours-relais-avec-obstacles-2020', '2', 2, 4, 2, 2, 1, 1);
INSERT INTO `GS_GAME` (`ID`, `NAME`, `WEB_PATH`, `TIME_POSITION`, `TIME_UNIT_INDEX`, `GS_GAME_TYPE_ID`, `PROGRAM_INDEX`, `GS_GAME_STAKE_TYPE_ID`, `GS_PROGRAM_ID`, `GS_GAME_PARTICIPATION_TYPE_ID`) VALUES (3, 'Pierres apnée', 'pierre-apnee-2020', '4', 4, 5, 3, 1, 1, 1);
INSERT INTO `GS_GAME` (`ID`, `NAME`, `WEB_PATH`, `TIME_POSITION`, `TIME_UNIT_INDEX`, `GS_GAME_TYPE_ID`, `PROGRAM_INDEX`, `GS_GAME_STAKE_TYPE_ID`, `GS_PROGRAM_ID`, `GS_GAME_PARTICIPATION_TYPE_ID`) VALUES (4, 'Rangement boules', 'rangement-boules-2020', '5', 5, 6, 4, 2, 1, 1);
INSERT INTO `GS_GAME` (`ID`, `NAME`, `WEB_PATH`, `TIME_POSITION`, `TIME_UNIT_INDEX`, `GS_GAME_TYPE_ID`, `PROGRAM_INDEX`, `GS_GAME_STAKE_TYPE_ID`, `GS_PROGRAM_ID`, `GS_GAME_PARTICIPATION_TYPE_ID`) VALUES (5, 'Manipulation boules', 'manipulation-boules-2020', '7', 7, 7, 5, 1, 1, 1);
INSERT INTO `GS_GAME` (`ID`, `NAME`, `WEB_PATH`, `TIME_POSITION`, `TIME_UNIT_INDEX`, `GS_GAME_TYPE_ID`, `PROGRAM_INDEX`, `GS_GAME_STAKE_TYPE_ID`, `GS_PROGRAM_ID`, `GS_GAME_PARTICIPATION_TYPE_ID`) VALUES (6, 'Radeaux puzzle', 'radeaux-2020', '8', 8, 3, 6, 2, 1, 1);
INSERT INTO `GS_GAME` (`ID`, `NAME`, `WEB_PATH`, `TIME_POSITION`, `TIME_UNIT_INDEX`, `GS_GAME_TYPE_ID`, `PROGRAM_INDEX`, `GS_GAME_STAKE_TYPE_ID`, `GS_PROGRAM_ID`, `GS_GAME_PARTICIPATION_TYPE_ID`) VALUES (7, 'Bamboo', 'bamboo-2020', '10', 10, 12, 7, 1, 1, 1);
INSERT INTO `GS_GAME` (`ID`, `NAME`, `WEB_PATH`, `TIME_POSITION`, `TIME_UNIT_INDEX`, `GS_GAME_TYPE_ID`, `PROGRAM_INDEX`, `GS_GAME_STAKE_TYPE_ID`, `GS_PROGRAM_ID`, `GS_GAME_PARTICIPATION_TYPE_ID`) VALUES (8, 'Prisonnier', 'prisonnier-2020', '12', 12, 9, 8, 2, 1, 1);
INSERT INTO `GS_GAME` (`ID`, `NAME`, `WEB_PATH`, `TIME_POSITION`, `TIME_UNIT_INDEX`, `GS_GAME_TYPE_ID`, `PROGRAM_INDEX`, `GS_GAME_STAKE_TYPE_ID`, `GS_PROGRAM_ID`, `GS_GAME_PARTICIPATION_TYPE_ID`) VALUES (9, 'Koala en dorsale', 'koala-2020', '14', 14, 10, 9, 3, 1, 1);
INSERT INTO `GS_GAME` (`ID`, `NAME`, `WEB_PATH`, `TIME_POSITION`, `TIME_UNIT_INDEX`, `GS_GAME_TYPE_ID`, `PROGRAM_INDEX`, `GS_GAME_STAKE_TYPE_ID`, `GS_PROGRAM_ID`, `GS_GAME_PARTICIPATION_TYPE_ID`) VALUES (10, 'Flambeaux', 'flambeaux-2020', '15', 15, 11, 10, 2, 1, 1);
INSERT INTO `GS_GAME` (`ID`, `NAME`, `WEB_PATH`, `TIME_POSITION`, `TIME_UNIT_INDEX`, `GS_GAME_TYPE_ID`, `PROGRAM_INDEX`, `GS_GAME_STAKE_TYPE_ID`, `GS_PROGRAM_ID`, `GS_GAME_PARTICIPATION_TYPE_ID`) VALUES (11, 'Douche', 'douche-2020', '17', 17, 13, 11, 1, 1, 1);
INSERT INTO `GS_GAME` (`ID`, `NAME`, `WEB_PATH`, `TIME_POSITION`, `TIME_UNIT_INDEX`, `GS_GAME_TYPE_ID`, `PROGRAM_INDEX`, `GS_GAME_STAKE_TYPE_ID`, `GS_PROGRAM_ID`, `GS_GAME_PARTICIPATION_TYPE_ID`) VALUES (12, 'Boue', 'boue-2020', '18', 18, 14, 12, 2, 1, 1);
INSERT INTO `GS_GAME` (`ID`, `NAME`, `WEB_PATH`, `TIME_POSITION`, `TIME_UNIT_INDEX`, `GS_GAME_TYPE_ID`, `PROGRAM_INDEX`, `GS_GAME_STAKE_TYPE_ID`, `GS_PROGRAM_ID`, `GS_GAME_PARTICIPATION_TYPE_ID`) VALUES (13, 'Guide-aveugle', 'guide-aveugle-2020', '18', 18, 15, 13, 1, 1, 1);
INSERT INTO `GS_GAME` (`ID`, `NAME`, `WEB_PATH`, `TIME_POSITION`, `TIME_UNIT_INDEX`, `GS_GAME_TYPE_ID`, `PROGRAM_INDEX`, `GS_GAME_STAKE_TYPE_ID`, `GS_PROGRAM_ID`, `GS_GAME_PARTICIPATION_TYPE_ID`) VALUES (14, 'Massacre poteries suspendues', 'saut-poterie-2020', '19', 19, 16, 14, 2, 1, 1);
INSERT INTO `GS_GAME` (`ID`, `NAME`, `WEB_PATH`, `TIME_POSITION`, `TIME_UNIT_INDEX`, `GS_GAME_TYPE_ID`, `PROGRAM_INDEX`, `GS_GAME_STAKE_TYPE_ID`, `GS_PROGRAM_ID`, `GS_GAME_PARTICIPATION_TYPE_ID`) VALUES (15, 'Malle nouée', 'malle-nouee-2020', '20', 20, 17, 15, 1, 1, 1);
INSERT INTO `GS_GAME` (`ID`, `NAME`, `WEB_PATH`, `TIME_POSITION`, `TIME_UNIT_INDEX`, `GS_GAME_TYPE_ID`, `PROGRAM_INDEX`, `GS_GAME_STAKE_TYPE_ID`, `GS_PROGRAM_ID`, `GS_GAME_PARTICIPATION_TYPE_ID`) VALUES (16, 'Equilibre poteries', 'equilibre-poteries-2020', '21', 21, 19, 16, 1, 1, 2);
INSERT INTO `GS_GAME` (`ID`, `NAME`, `WEB_PATH`, `TIME_POSITION`, `TIME_UNIT_INDEX`, `GS_GAME_TYPE_ID`, `PROGRAM_INDEX`, `GS_GAME_STAKE_TYPE_ID`, `GS_PROGRAM_ID`, `GS_GAME_PARTICIPATION_TYPE_ID`) VALUES (18, 'Grapin', 'grapin-2020', '21', 21, 20, 18, 2, 1, 2);
INSERT INTO `GS_GAME` (`ID`, `NAME`, `WEB_PATH`, `TIME_POSITION`, `TIME_UNIT_INDEX`, `GS_GAME_TYPE_ID`, `PROGRAM_INDEX`, `GS_GAME_STAKE_TYPE_ID`, `GS_PROGRAM_ID`, `GS_GAME_PARTICIPATION_TYPE_ID`) VALUES (19, 'Parcours en cinq étapes', 'parcours-en-cinq-etapes-2020', '28', 28, 21, 19, 1, 1, 2);
INSERT INTO `GS_GAME` (`ID`, `NAME`, `WEB_PATH`, `TIME_POSITION`, `TIME_UNIT_INDEX`, `GS_GAME_TYPE_ID`, `PROGRAM_INDEX`, `GS_GAME_STAKE_TYPE_ID`, `GS_PROGRAM_ID`, `GS_GAME_PARTICIPATION_TYPE_ID`) VALUES (20, 'Figure de proue', 'figure-de-proue-2020', '29', 29, 22, 20, 2, 1, 2);
INSERT INTO `GS_GAME` (`ID`, `NAME`, `WEB_PATH`, `TIME_POSITION`, `TIME_UNIT_INDEX`, `GS_GAME_TYPE_ID`, `PROGRAM_INDEX`, `GS_GAME_STAKE_TYPE_ID`, `GS_PROGRAM_ID`, `GS_GAME_PARTICIPATION_TYPE_ID`) VALUES (17, 'Parcours du combattant', 'parcours-du-combattant-2020', '23', 23, 23, 17, 2, 1, 2);
INSERT INTO `GS_GAME` (`ID`, `NAME`, `WEB_PATH`, `TIME_POSITION`, `TIME_UNIT_INDEX`, `GS_GAME_TYPE_ID`, `PROGRAM_INDEX`, `GS_GAME_STAKE_TYPE_ID`, `GS_PROGRAM_ID`, `GS_GAME_PARTICIPATION_TYPE_ID`) VALUES (21, 'Elévation d\'une tour', 'elevation-tour-2020', '30', 30, 24, 21, 1, 1, 3);
INSERT INTO `GS_GAME` (`ID`, `NAME`, `WEB_PATH`, `TIME_POSITION`, `TIME_UNIT_INDEX`, `GS_GAME_TYPE_ID`, `PROGRAM_INDEX`, `GS_GAME_STAKE_TYPE_ID`, `GS_PROGRAM_ID`, `GS_GAME_PARTICIPATION_TYPE_ID`) VALUES (22, 'Pallets', 'pallets-2020', '31', 31, 25, 22, 2, 1, 3);
INSERT INTO `GS_GAME` (`ID`, `NAME`, `WEB_PATH`, `TIME_POSITION`, `TIME_UNIT_INDEX`, `GS_GAME_TYPE_ID`, `PROGRAM_INDEX`, `GS_GAME_STAKE_TYPE_ID`, `GS_PROGRAM_ID`, `GS_GAME_PARTICIPATION_TYPE_ID`) VALUES (23, 'Croisillons', 'croisillons-2020', '33', 33, 26, 23, 1, 1, 4);
INSERT INTO `GS_GAME` (`ID`, `NAME`, `WEB_PATH`, `TIME_POSITION`, `TIME_UNIT_INDEX`, `GS_GAME_TYPE_ID`, `PROGRAM_INDEX`, `GS_GAME_STAKE_TYPE_ID`, `GS_PROGRAM_ID`, `GS_GAME_PARTICIPATION_TYPE_ID`) VALUES (24, 'Empillement de boules', 'empillement-de-boules-2020', '35', 35, 27, 24, 2, 1, 2);
INSERT INTO `GS_GAME` (`ID`, `NAME`, `WEB_PATH`, `TIME_POSITION`, `TIME_UNIT_INDEX`, `GS_GAME_TYPE_ID`, `PROGRAM_INDEX`, `GS_GAME_STAKE_TYPE_ID`, `GS_PROGRAM_ID`, `GS_GAME_PARTICIPATION_TYPE_ID`) VALUES (25, 'Flèche cassée', 'fleche-cassee-2020', '36', 36, 28, 25, 1, 1, 2);
INSERT INTO `GS_GAME` (`ID`, `NAME`, `WEB_PATH`, `TIME_POSITION`, `TIME_UNIT_INDEX`, `GS_GAME_TYPE_ID`, `PROGRAM_INDEX`, `GS_GAME_STAKE_TYPE_ID`, `GS_PROGRAM_ID`, `GS_GAME_PARTICIPATION_TYPE_ID`) VALUES (26, 'Labyrinthe', 'labyrinthe-2020', '37', 37, 29, 26, 2, 1, 2);
INSERT INTO `GS_GAME` (`ID`, `NAME`, `WEB_PATH`, `TIME_POSITION`, `TIME_UNIT_INDEX`, `GS_GAME_TYPE_ID`, `PROGRAM_INDEX`, `GS_GAME_STAKE_TYPE_ID`, `GS_PROGRAM_ID`, `GS_GAME_PARTICIPATION_TYPE_ID`) VALUES (29, 'Orientation', 'orientation-2020', '39', 39, 30, 27, 4, 1, 2);
INSERT INTO `GS_GAME` (`ID`, `NAME`, `WEB_PATH`, `TIME_POSITION`, `TIME_UNIT_INDEX`, `GS_GAME_TYPE_ID`, `PROGRAM_INDEX`, `GS_GAME_STAKE_TYPE_ID`, `GS_PROGRAM_ID`, `GS_GAME_PARTICIPATION_TYPE_ID`) VALUES (30, 'Poteaux', 'poteaux-2020', '40', 40, 31, 28, 5, 1, 2);

COMMIT;


-- -----------------------------------------------------
-- Data for table `GS_TEAM_DURATION`
-- -----------------------------------------------------
START TRANSACTION;
INSERT INTO `GS_TEAM_DURATION` (`ID`, `FROM_TIME_UNIT`, `TO_TIME_UNIT`) VALUES (1, 1, '14');
INSERT INTO `GS_TEAM_DURATION` (`ID`, `FROM_TIME_UNIT`, `TO_TIME_UNIT`) VALUES (2, 14, '22');
INSERT INTO `GS_TEAM_DURATION` (`ID`, `FROM_TIME_UNIT`, `TO_TIME_UNIT`) VALUES (3, 22, '40');
INSERT INTO `GS_TEAM_DURATION` (`ID`, `FROM_TIME_UNIT`, `TO_TIME_UNIT`) VALUES (4, 1, '14');
INSERT INTO `GS_TEAM_DURATION` (`ID`, `FROM_TIME_UNIT`, `TO_TIME_UNIT`) VALUES (5, 1, '1');

COMMIT;


-- -----------------------------------------------------
-- Data for table `GS_TEAM`
-- -----------------------------------------------------
START TRANSACTION;
INSERT INTO `GS_TEAM` (`ID`, `GS_PROGRAM_ID`, `NAME`, `WEB_PATH`, `GS_TEAM_DURATION_ID`, `ALIAS`) VALUES (1, 1, 'Est', 'est-2020', 1, 'Tokalo');
INSERT INTO `GS_TEAM` (`ID`, `GS_PROGRAM_ID`, `NAME`, `WEB_PATH`, `GS_TEAM_DURATION_ID`, `ALIAS`) VALUES (2, 1, 'Ouest', 'ouest-2020', 1, 'Vakara');
INSERT INTO `GS_TEAM` (`ID`, `GS_PROGRAM_ID`, `NAME`, `WEB_PATH`, `GS_TEAM_DURATION_ID`, `ALIAS`) VALUES (3, 1, 'Nord', 'nord-2020', 1, 'Vualiku');
INSERT INTO `GS_TEAM` (`ID`, `GS_PROGRAM_ID`, `NAME`, `WEB_PATH`, `GS_TEAM_DURATION_ID`, `ALIAS`) VALUES (4, 1, 'Sud', 'sud-2020', 1, 'Ceva');
INSERT INTO `GS_TEAM` (`ID`, `GS_PROGRAM_ID`, `NAME`, `WEB_PATH`, `GS_TEAM_DURATION_ID`, `ALIAS`) VALUES (5, 1, 'Jaune', 'jaune-2020', 2, 'Vuro');
INSERT INTO `GS_TEAM` (`ID`, `GS_PROGRAM_ID`, `NAME`, `WEB_PATH`, `GS_TEAM_DURATION_ID`, `ALIAS`) VALUES (6, 1, 'Rouge', 'rouge-2020', 2, 'Sayake');
INSERT INTO `GS_TEAM` (`ID`, `GS_PROGRAM_ID`, `NAME`, `WEB_PATH`, `GS_TEAM_DURATION_ID`, `ALIAS`) VALUES (7, 1, 'Blanc', 'blanc-2020', 3, 'Blanc');
INSERT INTO `GS_TEAM` (`ID`, `GS_PROGRAM_ID`, `NAME`, `WEB_PATH`, `GS_TEAM_DURATION_ID`, `ALIAS`) VALUES (8, 2, 'Rouge', 'rouge-2021', 4, 'Oro');
INSERT INTO `GS_TEAM` (`ID`, `GS_PROGRAM_ID`, `NAME`, `WEB_PATH`, `GS_TEAM_DURATION_ID`, `ALIAS`) VALUES (9, 2, 'Jaune', 'jaune-2021', 4, 'Toa');
INSERT INTO `GS_TEAM` (`ID`, `GS_PROGRAM_ID`, `NAME`, `WEB_PATH`, `GS_TEAM_DURATION_ID`, `ALIAS`) VALUES (10, 2, 'Arrivée', 'arrivee-2021', 5, 'Arrivée');

COMMIT;


-- -----------------------------------------------------
-- Data for table `GS_REWARD_TYPE`
-- -----------------------------------------------------
START TRANSACTION;
INSERT INTO `GS_REWARD_TYPE` (`ID`, `NAME`, `WEB_PATH`) VALUES (1, 'Immunité', 'immunité');
INSERT INTO `GS_REWARD_TYPE` (`ID`, `NAME`, `WEB_PATH`) VALUES (2, 'Négatif', 'negatif');
INSERT INTO `GS_REWARD_TYPE` (`ID`, `NAME`, `WEB_PATH`) VALUES (3, 'Excursion', 'excursion');
INSERT INTO `GS_REWARD_TYPE` (`ID`, `NAME`, `WEB_PATH`) VALUES (4, 'Kit', 'kit');
INSERT INTO `GS_REWARD_TYPE` (`ID`, `NAME`, `WEB_PATH`) VALUES (5, 'Nourriture', 'nourriture');
INSERT INTO `GS_REWARD_TYPE` (`ID`, `NAME`, `WEB_PATH`) VALUES (6, 'Indice', 'indice');
INSERT INTO `GS_REWARD_TYPE` (`ID`, `NAME`, `WEB_PATH`) VALUES (7, 'Lien', 'lien');
INSERT INTO `GS_REWARD_TYPE` (`ID`, `NAME`, `WEB_PATH`) VALUES (8, 'Amélioration de la vie sur le camp', 'amelioration-camp');
INSERT INTO `GS_REWARD_TYPE` (`ID`, `NAME`, `WEB_PATH`) VALUES (9, 'Role', 'role');
INSERT INTO `GS_REWARD_TYPE` (`ID`, `NAME`, `WEB_PATH`) VALUES (10, 'Soirée', 'soiree');
INSERT INTO `GS_REWARD_TYPE` (`ID`, `NAME`, `WEB_PATH`) VALUES (11, 'Bien-être corporel', 'bien-etre-corporel');
INSERT INTO `GS_REWARD_TYPE` (`ID`, `NAME`, `WEB_PATH`) VALUES (12, 'Renfort équipe', 'renfort-equipe');
INSERT INTO `GS_REWARD_TYPE` (`ID`, `NAME`, `WEB_PATH`) VALUES (13, 'Talisman', 'talisman');
INSERT INTO `GS_REWARD_TYPE` (`ID`, `NAME`, `WEB_PATH`) VALUES (14, 'Avantage strategique', 'avantage-strategique');

COMMIT;


-- -----------------------------------------------------
-- Data for table `GS_REWARD`
-- -----------------------------------------------------
START TRANSACTION;
INSERT INTO `GS_REWARD` (`ID`, `NAME`, `WEB_PATH`, `GS_REWARD_TYPE_ID`, `IS_POSITIVE`) VALUES (1, 'Totem', 'totem', 1, 1);
INSERT INTO `GS_REWARD` (`ID`, `NAME`, `WEB_PATH`, `GS_REWARD_TYPE_ID`, `IS_POSITIVE`) VALUES (2, 'Collier d\'immunité', 'collier-immunite', 1, 1);
INSERT INTO `GS_REWARD` (`ID`, `NAME`, `WEB_PATH`, `GS_REWARD_TYPE_ID`, `IS_POSITIVE`) VALUES (3, 'Nuit sur l\'îlot de l\'exil', 'nuit-ilot-exil', 2, 0);
INSERT INTO `GS_REWARD` (`ID`, `NAME`, `WEB_PATH`, `GS_REWARD_TYPE_ID`, `IS_POSITIVE`) VALUES (4, 'Kit de pêche', 'kit-peche', 4, 1);
INSERT INTO `GS_REWARD` (`ID`, `NAME`, `WEB_PATH`, `GS_REWARD_TYPE_ID`, `IS_POSITIVE`) VALUES (5, 'Kit de construction', 'kit-construction', 4, 1);
INSERT INTO `GS_REWARD` (`ID`, `NAME`, `WEB_PATH`, `GS_REWARD_TYPE_ID`, `IS_POSITIVE`) VALUES (6, 'Nourriture: Pizzas', 'pizzas', 5, 1);
INSERT INTO `GS_REWARD` (`ID`, `NAME`, `WEB_PATH`, `GS_REWARD_TYPE_ID`, `IS_POSITIVE`) VALUES (7, 'Nourriture : Steak-frites', 'steak-frites', 5, 1);
INSERT INTO `GS_REWARD` (`ID`, `NAME`, `WEB_PATH`, `GS_REWARD_TYPE_ID`, `IS_POSITIVE`) VALUES (8, 'Excursion chez l\'habitant', 'excursion-chez-l-habitant', 3, 1);
INSERT INTO `GS_REWARD` (`ID`, `NAME`, `WEB_PATH`, `GS_REWARD_TYPE_ID`, `IS_POSITIVE`) VALUES (9, 'Allumettes', 'allumettes', 8, 1);
INSERT INTO `GS_REWARD` (`ID`, `NAME`, `WEB_PATH`, `GS_REWARD_TYPE_ID`, `IS_POSITIVE`) VALUES (10, 'Feu', 'feu', 8, 1);
INSERT INTO `GS_REWARD` (`ID`, `NAME`, `WEB_PATH`, `GS_REWARD_TYPE_ID`, `IS_POSITIVE`) VALUES (11, 'Kit de feu', 'kit-feu', 4, 1);
INSERT INTO `GS_REWARD` (`ID`, `NAME`, `WEB_PATH`, `GS_REWARD_TYPE_ID`, `IS_POSITIVE`) VALUES (12, 'Vote contre-soi', 'vote-contre-soi', 2, 0);
INSERT INTO `GS_REWARD` (`ID`, `NAME`, `WEB_PATH`, `GS_REWARD_TYPE_ID`, `IS_POSITIVE`) VALUES (13, 'Nourriture du pays', 'nourriture-du-pays', 5, 1);
INSERT INTO `GS_REWARD` (`ID`, `NAME`, `WEB_PATH`, `GS_REWARD_TYPE_ID`, `IS_POSITIVE`) VALUES (14, 'Téléphone', 'telephone', 7, 1);
INSERT INTO `GS_REWARD` (`ID`, `NAME`, `WEB_PATH`, `GS_REWARD_TYPE_ID`, `IS_POSITIVE`) VALUES (15, 'Conseil', 'conseil', 2, 0);
INSERT INTO `GS_REWARD` (`ID`, `NAME`, `WEB_PATH`, `GS_REWARD_TYPE_ID`, `IS_POSITIVE`) VALUES (16, 'Chef d\'équipe', 'chef-equipe', 9, 1);
INSERT INTO `GS_REWARD` (`ID`, `NAME`, `WEB_PATH`, `GS_REWARD_TYPE_ID`, `IS_POSITIVE`) VALUES (17, 'Conseil immédiat', 'conseil-immediat', 2, 0);
INSERT INTO `GS_REWARD` (`ID`, `NAME`, `WEB_PATH`, `GS_REWARD_TYPE_ID`, `IS_POSITIVE`) VALUES (18, 'Nourriture : brochettes-frites', 'brochettes-frites', 5, 0);
INSERT INTO `GS_REWARD` (`ID`, `NAME`, `WEB_PATH`, `GS_REWARD_TYPE_ID`, `IS_POSITIVE`) VALUES (19, 'Soirée sur un bateau', 'soiree-bateau', 10, 1);
INSERT INTO `GS_REWARD` (`ID`, `NAME`, `WEB_PATH`, `GS_REWARD_TYPE_ID`, `IS_POSITIVE`) VALUES (20, 'Patisseries', 'patisseries', 5, 1);
INSERT INTO `GS_REWARD` (`ID`, `NAME`, `WEB_PATH`, `GS_REWARD_TYPE_ID`, `IS_POSITIVE`) VALUES (21, 'Excursion et plongée', 'excurtion-plongee', 3, 1);
INSERT INTO `GS_REWARD` (`ID`, `NAME`, `WEB_PATH`, `GS_REWARD_TYPE_ID`, `IS_POSITIVE`) VALUES (22, 'Toilette et massage', 'toilette-massage', 11, 1);
INSERT INTO `GS_REWARD` (`ID`, `NAME`, `WEB_PATH`, `GS_REWARD_TYPE_ID`, `IS_POSITIVE`) VALUES (23, 'Hamburger', 'hamburger', 5, 1);
INSERT INTO `GS_REWARD` (`ID`, `NAME`, `WEB_PATH`, `GS_REWARD_TYPE_ID`, `IS_POSITIVE`) VALUES (24, 'Indice pour trouver le collier', 'indice-collier', 6, 1);
INSERT INTO `GS_REWARD` (`ID`, `NAME`, `WEB_PATH`, `GS_REWARD_TYPE_ID`, `IS_POSITIVE`) VALUES (25, 'Exclusion immédiate', 'exclusion-immediate', 3, 1);
INSERT INTO `GS_REWARD` (`ID`, `NAME`, `WEB_PATH`, `GS_REWARD_TYPE_ID`, `IS_POSITIVE`) VALUES (26, 'Plongée ', 'plongee', 3, 1);
INSERT INTO `GS_REWARD` (`ID`, `NAME`, `WEB_PATH`, `GS_REWARD_TYPE_ID`, `IS_POSITIVE`) VALUES (27, 'Brunch', 'brunch', 5, 1);
INSERT INTO `GS_REWARD` (`ID`, `NAME`, `WEB_PATH`, `GS_REWARD_TYPE_ID`, `IS_POSITIVE`) VALUES (28, 'Excursion chocolaterie', 'excursion-chocolaterie', 5, 1);
INSERT INTO `GS_REWARD` (`ID`, `NAME`, `WEB_PATH`, `GS_REWARD_TYPE_ID`, `IS_POSITIVE`) VALUES (29, 'Nourriture : poisson', 'nourriture-poisson', 5, 1);
INSERT INTO `GS_REWARD` (`ID`, `NAME`, `WEB_PATH`, `GS_REWARD_TYPE_ID`, `IS_POSITIVE`) VALUES (30, 'Renfort', 'renfort', 12, 1);
INSERT INTO `GS_REWARD` (`ID`, `NAME`, `WEB_PATH`, `GS_REWARD_TYPE_ID`, `IS_POSITIVE`) VALUES (31, 'Talisman', 'talisman', 13, 1);

COMMIT;


-- -----------------------------------------------------
-- Data for table `GS_GAME_X_REWARD`
-- -----------------------------------------------------
START TRANSACTION;
INSERT INTO `GS_GAME_X_REWARD` (`ID`, `GS_GAME_ID`, `GS_REWARD_ID`, `DISPLAY_ORDER`) VALUES (1, 1, 4, 1);
INSERT INTO `GS_GAME_X_REWARD` (`ID`, `GS_GAME_ID`, `GS_REWARD_ID`, `DISPLAY_ORDER`) VALUES (2, 1, 5, 2);
INSERT INTO `GS_GAME_X_REWARD` (`ID`, `GS_GAME_ID`, `GS_REWARD_ID`, `DISPLAY_ORDER`) VALUES (3, 1, 3, 3);
INSERT INTO `GS_GAME_X_REWARD` (`ID`, `GS_GAME_ID`, `GS_REWARD_ID`, `DISPLAY_ORDER`) VALUES (4, 2, 1, 1);
INSERT INTO `GS_GAME_X_REWARD` (`ID`, `GS_GAME_ID`, `GS_REWARD_ID`, `DISPLAY_ORDER`) VALUES (5, 13, 19, 1);
INSERT INTO `GS_GAME_X_REWARD` (`ID`, `GS_GAME_ID`, `GS_REWARD_ID`, `DISPLAY_ORDER`) VALUES (6, 16, 22, 1);
INSERT INTO `GS_GAME_X_REWARD` (`ID`, `GS_GAME_ID`, `GS_REWARD_ID`, `DISPLAY_ORDER`) VALUES (7, 22, 27, 1);
INSERT INTO `GS_GAME_X_REWARD` (`ID`, `GS_GAME_ID`, `GS_REWARD_ID`, `DISPLAY_ORDER`) VALUES (8, 23, 28, 1);

COMMIT;


-- -----------------------------------------------------
-- Data for table `GS_EV_STORE_PROPERTY`
-- -----------------------------------------------------
START TRANSACTION;
INSERT INTO `GS_EV_STORE_PROPERTY` (`ID`, `PROPERTY`, `ICON`, `UNIT`) VALUES (1, 'load', 'weight', 'kg');
INSERT INTO `GS_EV_STORE_PROPERTY` (`ID`, `PROPERTY`, `ICON`, `UNIT`) VALUES (2, 'length', 'length', 'meter');
INSERT INTO `GS_EV_STORE_PROPERTY` (`ID`, `PROPERTY`, `ICON`, `UNIT`) VALUES (3, 'circuit-length', 'circuit-length', 'meter');
INSERT INTO `GS_EV_STORE_PROPERTY` (`ID`, `PROPERTY`, `ICON`, `UNIT`) VALUES (4, 'team-css-class', 'kl-team-color', 'css-class');
INSERT INTO `GS_EV_STORE_PROPERTY` (`ID`, `PROPERTY`, `ICON`, `UNIT`) VALUES (5, 'team-name', 'kls-todo', 'name');
INSERT INTO `GS_EV_STORE_PROPERTY` (`ID`, `PROPERTY`, `ICON`, `UNIT`) VALUES (6, 'team-alias', 'kls-todo', 'name');

COMMIT;


-- -----------------------------------------------------
-- Data for table `GS_EV_STORE`
-- -----------------------------------------------------
START TRANSACTION;
INSERT INTO `GS_EV_STORE` (`ID`, `ENTITY_TYPE`, `ENTITY_WEB_PATH`, `ENTITY_ID`, `PROPERTY_ID`, `VALUE`) VALUES (1, 'game', 'poursuite-par-equipe-2020', 1, 1, '50');
INSERT INTO `GS_EV_STORE` (`ID`, `ENTITY_TYPE`, `ENTITY_WEB_PATH`, `ENTITY_ID`, `PROPERTY_ID`, `VALUE`) VALUES (2, 'game', 'poursuite-par-equipe-2020', 1, 3, '400');
INSERT INTO `GS_EV_STORE` (`ID`, `ENTITY_TYPE`, `ENTITY_WEB_PATH`, `ENTITY_ID`, `PROPERTY_ID`, `VALUE`) VALUES (3, 'team', 'est-2020', 1, 4, 'kls-team-green');
INSERT INTO `GS_EV_STORE` (`ID`, `ENTITY_TYPE`, `ENTITY_WEB_PATH`, `ENTITY_ID`, `PROPERTY_ID`, `VALUE`) VALUES (4, 'team', 'ouest-2020', 2, 4, 'kls-team-orange');
INSERT INTO `GS_EV_STORE` (`ID`, `ENTITY_TYPE`, `ENTITY_WEB_PATH`, `ENTITY_ID`, `PROPERTY_ID`, `VALUE`) VALUES (5, 'team', 'nord-2020', 3, 4, 'kls-team-purple');
INSERT INTO `GS_EV_STORE` (`ID`, `ENTITY_TYPE`, `ENTITY_WEB_PATH`, `ENTITY_ID`, `PROPERTY_ID`, `VALUE`) VALUES (6, 'team', 'sud-2020', 4, 4, 'kls-team-blue');
INSERT INTO `GS_EV_STORE` (`ID`, `ENTITY_TYPE`, `ENTITY_WEB_PATH`, `ENTITY_ID`, `PROPERTY_ID`, `VALUE`) VALUES (7, 'team', 'jaune-2020', 5, 4, 'kls-team-yellow');
INSERT INTO `GS_EV_STORE` (`ID`, `ENTITY_TYPE`, `ENTITY_WEB_PATH`, `ENTITY_ID`, `PROPERTY_ID`, `VALUE`) VALUES (8, 'team', 'rouge-2020', 6, 4, 'kls-team-rouge');
INSERT INTO `GS_EV_STORE` (`ID`, `ENTITY_TYPE`, `ENTITY_WEB_PATH`, `ENTITY_ID`, `PROPERTY_ID`, `VALUE`) VALUES (9, 'team', 'blanc-2020', 7, 4, 'kls-team-white');
INSERT INTO `GS_EV_STORE` (`ID`, `ENTITY_TYPE`, `ENTITY_WEB_PATH`, `ENTITY_ID`, `PROPERTY_ID`, `VALUE`) VALUES (10, 'team', 'jaune-2021', 8, 4, 'kls-team-yellow');
INSERT INTO `GS_EV_STORE` (`ID`, `ENTITY_TYPE`, `ENTITY_WEB_PATH`, `ENTITY_ID`, `PROPERTY_ID`, `VALUE`) VALUES (11, 'team', 'rouge-2021', 9, 4, 'kls-team-rouge');
INSERT INTO `GS_EV_STORE` (`ID`, `ENTITY_TYPE`, `ENTITY_WEB_PATH`, `ENTITY_ID`, `PROPERTY_ID`, `VALUE`) VALUES (12, 'team', 'blanc-2021', 10, 4, 'kls-team-white');

COMMIT;


-- -----------------------------------------------------
-- Data for table `GS_TEAM_ENTRANCE_TYPE`
-- -----------------------------------------------------
START TRANSACTION;
INSERT INTO `GS_TEAM_ENTRANCE_TYPE` (`ID`, `NAME`, `WEB_PATH`) VALUES (1, 'Constitution des équipes', 'constitution-des-equipes');
INSERT INTO `GS_TEAM_ENTRANCE_TYPE` (`ID`, `NAME`, `WEB_PATH`) VALUES (2, 'Réintegration après abandon d\'un membre', 'reintegration-apres-abandon-d-un-membre');
INSERT INTO `GS_TEAM_ENTRANCE_TYPE` (`ID`, `NAME`, `WEB_PATH`) VALUES (3, 'Réunification', 'reunification');
INSERT INTO `GS_TEAM_ENTRANCE_TYPE` (`ID`, `NAME`, `WEB_PATH`) VALUES (4, 'Renfort d\'équipe', 'renfort-equipe');
INSERT INTO `GS_TEAM_ENTRANCE_TYPE` (`ID`, `NAME`, `WEB_PATH`) VALUES (5, 'Remplacement', 'remplacement');

COMMIT;


-- -----------------------------------------------------
-- Data for table `GS_TEAM_DEPARTURE_TYPE`
-- -----------------------------------------------------
START TRANSACTION;
INSERT INTO `GS_TEAM_DEPARTURE_TYPE` (`ID`, `NAME`, `WEB_PATH`) VALUES (1, 'Abandon volontaire', 'abandon-volantaire');
INSERT INTO `GS_TEAM_DEPARTURE_TYPE` (`ID`, `NAME`, `WEB_PATH`) VALUES (2, 'Abandon médical', 'abandon-medical');
INSERT INTO `GS_TEAM_DEPARTURE_TYPE` (`ID`, `NAME`, `WEB_PATH`) VALUES (3, 'Exclusion par vote', 'exclusion-par-vote');
INSERT INTO `GS_TEAM_DEPARTURE_TYPE` (`ID`, `NAME`, `WEB_PATH`) VALUES (4, 'Exclusion par choix adverse', 'exclusion-par-choix-adverse');
INSERT INTO `GS_TEAM_DEPARTURE_TYPE` (`ID`, `NAME`, `WEB_PATH`) VALUES (5, 'Recomposition des équipes', 'recomposition-des-equipes');
INSERT INTO `GS_TEAM_DEPARTURE_TYPE` (`ID`, `NAME`, `WEB_PATH`) VALUES (6, 'Elimination du dernier', 'elimination-du-dernier');
INSERT INTO `GS_TEAM_DEPARTURE_TYPE` (`ID`, `NAME`, `WEB_PATH`) VALUES (7, 'Défaite à l\'orientation', 'defaite-orientation');
INSERT INTO `GS_TEAM_DEPARTURE_TYPE` (`ID`, `NAME`, `WEB_PATH`) VALUES (8, 'Epreuve des poteaux', 'epreuve-poteaux');

COMMIT;


-- -----------------------------------------------------
-- Data for table `GS_PARTICIPANT_TEAM`
-- -----------------------------------------------------
START TRANSACTION;
INSERT INTO `GS_PARTICIPANT_TEAM` (`ID`, `GS_PARTICIPANT_ID`, `GS_TEAM_ID`, `FROM_TIME_UNIT`, `TO_TIME_UNIT`, `GS_TEAM_ENTRANCE_TYPE_ID`, `GS_TEAM_DEPARTURE_TYPE_ID`) VALUES (1, 1, 1, 1, 14, 1, 5);
INSERT INTO `GS_PARTICIPANT_TEAM` (`ID`, `GS_PARTICIPANT_ID`, `GS_TEAM_ID`, `FROM_TIME_UNIT`, `TO_TIME_UNIT`, `GS_TEAM_ENTRANCE_TYPE_ID`, `GS_TEAM_DEPARTURE_TYPE_ID`) VALUES (2, 2, 1, 1, 14, 1, 5);
INSERT INTO `GS_PARTICIPANT_TEAM` (`ID`, `GS_PARTICIPANT_ID`, `GS_TEAM_ID`, `FROM_TIME_UNIT`, `TO_TIME_UNIT`, `GS_TEAM_ENTRANCE_TYPE_ID`, `GS_TEAM_DEPARTURE_TYPE_ID`) VALUES (3, 3, 1, 1, 14, 1, 5);
INSERT INTO `GS_PARTICIPANT_TEAM` (`ID`, `GS_PARTICIPANT_ID`, `GS_TEAM_ID`, `FROM_TIME_UNIT`, `TO_TIME_UNIT`, `GS_TEAM_ENTRANCE_TYPE_ID`, `GS_TEAM_DEPARTURE_TYPE_ID`) VALUES (4, 4, 1, 1, 14, 1, 5);
INSERT INTO `GS_PARTICIPANT_TEAM` (`ID`, `GS_PARTICIPANT_ID`, `GS_TEAM_ID`, `FROM_TIME_UNIT`, `TO_TIME_UNIT`, `GS_TEAM_ENTRANCE_TYPE_ID`, `GS_TEAM_DEPARTURE_TYPE_ID`) VALUES (5, 5, 1, 1, 14, 1, 5);
INSERT INTO `GS_PARTICIPANT_TEAM` (`ID`, `GS_PARTICIPANT_ID`, `GS_TEAM_ID`, `FROM_TIME_UNIT`, `TO_TIME_UNIT`, `GS_TEAM_ENTRANCE_TYPE_ID`, `GS_TEAM_DEPARTURE_TYPE_ID`) VALUES (6, 6, 1, 1, 14, 1, 5);
INSERT INTO `GS_PARTICIPANT_TEAM` (`ID`, `GS_PARTICIPANT_ID`, `GS_TEAM_ID`, `FROM_TIME_UNIT`, `TO_TIME_UNIT`, `GS_TEAM_ENTRANCE_TYPE_ID`, `GS_TEAM_DEPARTURE_TYPE_ID`) VALUES (7, 7, 2, 1, 14, 1, 5);
INSERT INTO `GS_PARTICIPANT_TEAM` (`ID`, `GS_PARTICIPANT_ID`, `GS_TEAM_ID`, `FROM_TIME_UNIT`, `TO_TIME_UNIT`, `GS_TEAM_ENTRANCE_TYPE_ID`, `GS_TEAM_DEPARTURE_TYPE_ID`) VALUES (8, 8, 2, 1, 7, 1, 3);
INSERT INTO `GS_PARTICIPANT_TEAM` (`ID`, `GS_PARTICIPANT_ID`, `GS_TEAM_ID`, `FROM_TIME_UNIT`, `TO_TIME_UNIT`, `GS_TEAM_ENTRANCE_TYPE_ID`, `GS_TEAM_DEPARTURE_TYPE_ID`) VALUES (9, 9, 2, 1, 4, 1, 2);
INSERT INTO `GS_PARTICIPANT_TEAM` (`ID`, `GS_PARTICIPANT_ID`, `GS_TEAM_ID`, `FROM_TIME_UNIT`, `TO_TIME_UNIT`, `GS_TEAM_ENTRANCE_TYPE_ID`, `GS_TEAM_DEPARTURE_TYPE_ID`) VALUES (10, 10, 2, 1, 14, 1, 5);
INSERT INTO `GS_PARTICIPANT_TEAM` (`ID`, `GS_PARTICIPANT_ID`, `GS_TEAM_ID`, `FROM_TIME_UNIT`, `TO_TIME_UNIT`, `GS_TEAM_ENTRANCE_TYPE_ID`, `GS_TEAM_DEPARTURE_TYPE_ID`) VALUES (11, 11, 2, 1, 13, 1, 3);
INSERT INTO `GS_PARTICIPANT_TEAM` (`ID`, `GS_PARTICIPANT_ID`, `GS_TEAM_ID`, `FROM_TIME_UNIT`, `TO_TIME_UNIT`, `GS_TEAM_ENTRANCE_TYPE_ID`, `GS_TEAM_DEPARTURE_TYPE_ID`) VALUES (12, 12, 2, 1, 14, 1, 5);
INSERT INTO `GS_PARTICIPANT_TEAM` (`ID`, `GS_PARTICIPANT_ID`, `GS_TEAM_ID`, `FROM_TIME_UNIT`, `TO_TIME_UNIT`, `GS_TEAM_ENTRANCE_TYPE_ID`, `GS_TEAM_DEPARTURE_TYPE_ID`) VALUES (13, 13, 3, 1, 14, 1, 5);
INSERT INTO `GS_PARTICIPANT_TEAM` (`ID`, `GS_PARTICIPANT_ID`, `GS_TEAM_ID`, `FROM_TIME_UNIT`, `TO_TIME_UNIT`, `GS_TEAM_ENTRANCE_TYPE_ID`, `GS_TEAM_DEPARTURE_TYPE_ID`) VALUES (14, 14, 3, 1, 14, 1, 5);
INSERT INTO `GS_PARTICIPANT_TEAM` (`ID`, `GS_PARTICIPANT_ID`, `GS_TEAM_ID`, `FROM_TIME_UNIT`, `TO_TIME_UNIT`, `GS_TEAM_ENTRANCE_TYPE_ID`, `GS_TEAM_DEPARTURE_TYPE_ID`) VALUES (15, 15, 3, 1, 14, 1, 5);
INSERT INTO `GS_PARTICIPANT_TEAM` (`ID`, `GS_PARTICIPANT_ID`, `GS_TEAM_ID`, `FROM_TIME_UNIT`, `TO_TIME_UNIT`, `GS_TEAM_ENTRANCE_TYPE_ID`, `GS_TEAM_DEPARTURE_TYPE_ID`) VALUES (16, 16, 3, 1, 14, 1, 5);
INSERT INTO `GS_PARTICIPANT_TEAM` (`ID`, `GS_PARTICIPANT_ID`, `GS_TEAM_ID`, `FROM_TIME_UNIT`, `TO_TIME_UNIT`, `GS_TEAM_ENTRANCE_TYPE_ID`, `GS_TEAM_DEPARTURE_TYPE_ID`) VALUES (17, 17, 3, 1, 3, 1, 3);
INSERT INTO `GS_PARTICIPANT_TEAM` (`ID`, `GS_PARTICIPANT_ID`, `GS_TEAM_ID`, `FROM_TIME_UNIT`, `TO_TIME_UNIT`, `GS_TEAM_ENTRANCE_TYPE_ID`, `GS_TEAM_DEPARTURE_TYPE_ID`) VALUES (18, 18, 3, 1, 8, 1, 2);
INSERT INTO `GS_PARTICIPANT_TEAM` (`ID`, `GS_PARTICIPANT_ID`, `GS_TEAM_ID`, `FROM_TIME_UNIT`, `TO_TIME_UNIT`, `GS_TEAM_ENTRANCE_TYPE_ID`, `GS_TEAM_DEPARTURE_TYPE_ID`) VALUES (19, 19, 4, 1, 14, 1, 5);
INSERT INTO `GS_PARTICIPANT_TEAM` (`ID`, `GS_PARTICIPANT_ID`, `GS_TEAM_ID`, `FROM_TIME_UNIT`, `TO_TIME_UNIT`, `GS_TEAM_ENTRANCE_TYPE_ID`, `GS_TEAM_DEPARTURE_TYPE_ID`) VALUES (20, 20, 4, 1, 14, 1, 5);
INSERT INTO `GS_PARTICIPANT_TEAM` (`ID`, `GS_PARTICIPANT_ID`, `GS_TEAM_ID`, `FROM_TIME_UNIT`, `TO_TIME_UNIT`, `GS_TEAM_ENTRANCE_TYPE_ID`, `GS_TEAM_DEPARTURE_TYPE_ID`) VALUES (21, 21, 4, 1, 7, 1, 3);
INSERT INTO `GS_PARTICIPANT_TEAM` (`ID`, `GS_PARTICIPANT_ID`, `GS_TEAM_ID`, `FROM_TIME_UNIT`, `TO_TIME_UNIT`, `GS_TEAM_ENTRANCE_TYPE_ID`, `GS_TEAM_DEPARTURE_TYPE_ID`) VALUES (22, 22, 4, 1, 13, 1, 3);
INSERT INTO `GS_PARTICIPANT_TEAM` (`ID`, `GS_PARTICIPANT_ID`, `GS_TEAM_ID`, `FROM_TIME_UNIT`, `TO_TIME_UNIT`, `GS_TEAM_ENTRANCE_TYPE_ID`, `GS_TEAM_DEPARTURE_TYPE_ID`) VALUES (23, 23, 4, 1, 14, 1, 5);
INSERT INTO `GS_PARTICIPANT_TEAM` (`ID`, `GS_PARTICIPANT_ID`, `GS_TEAM_ID`, `FROM_TIME_UNIT`, `TO_TIME_UNIT`, `GS_TEAM_ENTRANCE_TYPE_ID`, `GS_TEAM_DEPARTURE_TYPE_ID`) VALUES (24, 24, 4, 1, 14, 1, 5);
INSERT INTO `GS_PARTICIPANT_TEAM` (`ID`, `GS_PARTICIPANT_ID`, `GS_TEAM_ID`, `FROM_TIME_UNIT`, `TO_TIME_UNIT`, `GS_TEAM_ENTRANCE_TYPE_ID`, `GS_TEAM_DEPARTURE_TYPE_ID`) VALUES (25, 17, 2, 4, 13, 2, 5);
INSERT INTO `GS_PARTICIPANT_TEAM` (`ID`, `GS_PARTICIPANT_ID`, `GS_TEAM_ID`, `FROM_TIME_UNIT`, `TO_TIME_UNIT`, `GS_TEAM_ENTRANCE_TYPE_ID`, `GS_TEAM_DEPARTURE_TYPE_ID`) VALUES (26, 8, 3, 8, 11, 2, 3);
INSERT INTO `GS_PARTICIPANT_TEAM` (`ID`, `GS_PARTICIPANT_ID`, `GS_TEAM_ID`, `FROM_TIME_UNIT`, `TO_TIME_UNIT`, `GS_TEAM_ENTRANCE_TYPE_ID`, `GS_TEAM_DEPARTURE_TYPE_ID`) VALUES (27, 19, 5, 14, 0, 1, 5);
INSERT INTO `GS_PARTICIPANT_TEAM` (`ID`, `GS_PARTICIPANT_ID`, `GS_TEAM_ID`, `FROM_TIME_UNIT`, `TO_TIME_UNIT`, `GS_TEAM_ENTRANCE_TYPE_ID`, `GS_TEAM_DEPARTURE_TYPE_ID`) VALUES (28, 10, 5, 14, 0, 1, 5);
INSERT INTO `GS_PARTICIPANT_TEAM` (`ID`, `GS_PARTICIPANT_ID`, `GS_TEAM_ID`, `FROM_TIME_UNIT`, `TO_TIME_UNIT`, `GS_TEAM_ENTRANCE_TYPE_ID`, `GS_TEAM_DEPARTURE_TYPE_ID`) VALUES (29, 12, 5, 14, 0, 1, 5);
INSERT INTO `GS_PARTICIPANT_TEAM` (`ID`, `GS_PARTICIPANT_ID`, `GS_TEAM_ID`, `FROM_TIME_UNIT`, `TO_TIME_UNIT`, `GS_TEAM_ENTRANCE_TYPE_ID`, `GS_TEAM_DEPARTURE_TYPE_ID`) VALUES (30, 13, 5, 14, 0, 1, 5);
INSERT INTO `GS_PARTICIPANT_TEAM` (`ID`, `GS_PARTICIPANT_ID`, `GS_TEAM_ID`, `FROM_TIME_UNIT`, `TO_TIME_UNIT`, `GS_TEAM_ENTRANCE_TYPE_ID`, `GS_TEAM_DEPARTURE_TYPE_ID`) VALUES (31, 15, 5, 14, 0, 1, 5);
INSERT INTO `GS_PARTICIPANT_TEAM` (`ID`, `GS_PARTICIPANT_ID`, `GS_TEAM_ID`, `FROM_TIME_UNIT`, `TO_TIME_UNIT`, `GS_TEAM_ENTRANCE_TYPE_ID`, `GS_TEAM_DEPARTURE_TYPE_ID`) VALUES (32, 2, 5, 14, 0, 1, 5);
INSERT INTO `GS_PARTICIPANT_TEAM` (`ID`, `GS_PARTICIPANT_ID`, `GS_TEAM_ID`, `FROM_TIME_UNIT`, `TO_TIME_UNIT`, `GS_TEAM_ENTRANCE_TYPE_ID`, `GS_TEAM_DEPARTURE_TYPE_ID`) VALUES (33, 3, 5, 14, 0, 1, 5);
INSERT INTO `GS_PARTICIPANT_TEAM` (`ID`, `GS_PARTICIPANT_ID`, `GS_TEAM_ID`, `FROM_TIME_UNIT`, `TO_TIME_UNIT`, `GS_TEAM_ENTRANCE_TYPE_ID`, `GS_TEAM_DEPARTURE_TYPE_ID`) VALUES (34, 5, 5, 14, 0, 1, 5);
INSERT INTO `GS_PARTICIPANT_TEAM` (`ID`, `GS_PARTICIPANT_ID`, `GS_TEAM_ID`, `FROM_TIME_UNIT`, `TO_TIME_UNIT`, `GS_TEAM_ENTRANCE_TYPE_ID`, `GS_TEAM_DEPARTURE_TYPE_ID`) VALUES (35, 1, 6, 14, 0, 1, 5);
INSERT INTO `GS_PARTICIPANT_TEAM` (`ID`, `GS_PARTICIPANT_ID`, `GS_TEAM_ID`, `FROM_TIME_UNIT`, `TO_TIME_UNIT`, `GS_TEAM_ENTRANCE_TYPE_ID`, `GS_TEAM_DEPARTURE_TYPE_ID`) VALUES (36, 20, 6, 14, 0, 1, 5);
INSERT INTO `GS_PARTICIPANT_TEAM` (`ID`, `GS_PARTICIPANT_ID`, `GS_TEAM_ID`, `FROM_TIME_UNIT`, `TO_TIME_UNIT`, `GS_TEAM_ENTRANCE_TYPE_ID`, `GS_TEAM_DEPARTURE_TYPE_ID`) VALUES (37, 24, 6, 14, 0, 1, 5);
INSERT INTO `GS_PARTICIPANT_TEAM` (`ID`, `GS_PARTICIPANT_ID`, `GS_TEAM_ID`, `FROM_TIME_UNIT`, `TO_TIME_UNIT`, `GS_TEAM_ENTRANCE_TYPE_ID`, `GS_TEAM_DEPARTURE_TYPE_ID`) VALUES (38, 7, 6, 14, 0, 1, 5);
INSERT INTO `GS_PARTICIPANT_TEAM` (`ID`, `GS_PARTICIPANT_ID`, `GS_TEAM_ID`, `FROM_TIME_UNIT`, `TO_TIME_UNIT`, `GS_TEAM_ENTRANCE_TYPE_ID`, `GS_TEAM_DEPARTURE_TYPE_ID`) VALUES (39, 17, 6, 14, 0, 1, 5);
INSERT INTO `GS_PARTICIPANT_TEAM` (`ID`, `GS_PARTICIPANT_ID`, `GS_TEAM_ID`, `FROM_TIME_UNIT`, `TO_TIME_UNIT`, `GS_TEAM_ENTRANCE_TYPE_ID`, `GS_TEAM_DEPARTURE_TYPE_ID`) VALUES (40, 14, 6, 14, 0, 1, 5);
INSERT INTO `GS_PARTICIPANT_TEAM` (`ID`, `GS_PARTICIPANT_ID`, `GS_TEAM_ID`, `FROM_TIME_UNIT`, `TO_TIME_UNIT`, `GS_TEAM_ENTRANCE_TYPE_ID`, `GS_TEAM_DEPARTURE_TYPE_ID`) VALUES (41, 16, 6, 14, 16, 1, 3);
INSERT INTO `GS_PARTICIPANT_TEAM` (`ID`, `GS_PARTICIPANT_ID`, `GS_TEAM_ID`, `FROM_TIME_UNIT`, `TO_TIME_UNIT`, `GS_TEAM_ENTRANCE_TYPE_ID`, `GS_TEAM_DEPARTURE_TYPE_ID`) VALUES (42, 4, 6, 14, 0, 1, 5);
INSERT INTO `GS_PARTICIPANT_TEAM` (`ID`, `GS_PARTICIPANT_ID`, `GS_TEAM_ID`, `FROM_TIME_UNIT`, `TO_TIME_UNIT`, `GS_TEAM_ENTRANCE_TYPE_ID`, `GS_TEAM_DEPARTURE_TYPE_ID`) VALUES (43, 6, 6, 14, 0, 1, 5);
INSERT INTO `GS_PARTICIPANT_TEAM` (`ID`, `GS_PARTICIPANT_ID`, `GS_TEAM_ID`, `FROM_TIME_UNIT`, `TO_TIME_UNIT`, `GS_TEAM_ENTRANCE_TYPE_ID`, `GS_TEAM_DEPARTURE_TYPE_ID`) VALUES (44, 23, 5, 14, 0, 1, 5);

COMMIT;


-- -----------------------------------------------------
-- Data for table `GS_GAME_ACTIVITY_TYPE`
-- -----------------------------------------------------
START TRANSACTION;
INSERT INTO `GS_GAME_ACTIVITY_TYPE` (`ID`, `NAME`, `WEB_PATH`) VALUES (1, 'Participant', 'participant');
INSERT INTO `GS_GAME_ACTIVITY_TYPE` (`ID`, `NAME`, `WEB_PATH`) VALUES (2, 'Exclusion après tirage au sort', 'exclusion-apres-tirage-au-sort');
INSERT INTO `GS_GAME_ACTIVITY_TYPE` (`ID`, `NAME`, `WEB_PATH`) VALUES (3, 'Infirmerie', 'infirmerie');
INSERT INTO `GS_GAME_ACTIVITY_TYPE` (`ID`, `NAME`, `WEB_PATH`) VALUES (4, 'Exempté sur raison médicale', 'exempte-sur-raison-medicale');
INSERT INTO `GS_GAME_ACTIVITY_TYPE` (`ID`, `NAME`, `WEB_PATH`) VALUES (5, 'Exempté par choix', 'exempte-par-choix');

COMMIT;


-- -----------------------------------------------------
-- Data for table `GS_PARTICIPANT_X_GAME`
-- -----------------------------------------------------
START TRANSACTION;
INSERT INTO `GS_PARTICIPANT_X_GAME` (`ID`, `GS_PARTICIPANT_ID`, `GS_GAME_ID`, `GS_TEAM_ID`, `GS_GAME_ACTIVITY_TYPE_ID`, `GS_GAME_PARTICIPATION_TYPE_ID`, `RANKING`) VALUES (1, 1, 1, 1, 1, 1, 4);
INSERT INTO `GS_PARTICIPANT_X_GAME` (`ID`, `GS_PARTICIPANT_ID`, `GS_GAME_ID`, `GS_TEAM_ID`, `GS_GAME_ACTIVITY_TYPE_ID`, `GS_GAME_PARTICIPATION_TYPE_ID`, `RANKING`) VALUES (2, 2, 1, 1, 1, 1, 4);
INSERT INTO `GS_PARTICIPANT_X_GAME` (`ID`, `GS_PARTICIPANT_ID`, `GS_GAME_ID`, `GS_TEAM_ID`, `GS_GAME_ACTIVITY_TYPE_ID`, `GS_GAME_PARTICIPATION_TYPE_ID`, `RANKING`) VALUES (3, 3, 1, 1, 1, 1, 4);
INSERT INTO `GS_PARTICIPANT_X_GAME` (`ID`, `GS_PARTICIPANT_ID`, `GS_GAME_ID`, `GS_TEAM_ID`, `GS_GAME_ACTIVITY_TYPE_ID`, `GS_GAME_PARTICIPATION_TYPE_ID`, `RANKING`) VALUES (4, 4, 1, 1, 1, 1, 4);
INSERT INTO `GS_PARTICIPANT_X_GAME` (`ID`, `GS_PARTICIPANT_ID`, `GS_GAME_ID`, `GS_TEAM_ID`, `GS_GAME_ACTIVITY_TYPE_ID`, `GS_GAME_PARTICIPATION_TYPE_ID`, `RANKING`) VALUES (5, 5, 1, 1, 1, 1, 4);
INSERT INTO `GS_PARTICIPANT_X_GAME` (`ID`, `GS_PARTICIPANT_ID`, `GS_GAME_ID`, `GS_TEAM_ID`, `GS_GAME_ACTIVITY_TYPE_ID`, `GS_GAME_PARTICIPATION_TYPE_ID`, `RANKING`) VALUES (6, 6, 1, 1, 1, 1, 4);
INSERT INTO `GS_PARTICIPANT_X_GAME` (`ID`, `GS_PARTICIPANT_ID`, `GS_GAME_ID`, `GS_TEAM_ID`, `GS_GAME_ACTIVITY_TYPE_ID`, `GS_GAME_PARTICIPATION_TYPE_ID`, `RANKING`) VALUES (7, 7, 1, 2, 1, 1, 1);
INSERT INTO `GS_PARTICIPANT_X_GAME` (`ID`, `GS_PARTICIPANT_ID`, `GS_GAME_ID`, `GS_TEAM_ID`, `GS_GAME_ACTIVITY_TYPE_ID`, `GS_GAME_PARTICIPATION_TYPE_ID`, `RANKING`) VALUES (8, 8, 1, 2, 1, 1, 1);
INSERT INTO `GS_PARTICIPANT_X_GAME` (`ID`, `GS_PARTICIPANT_ID`, `GS_GAME_ID`, `GS_TEAM_ID`, `GS_GAME_ACTIVITY_TYPE_ID`, `GS_GAME_PARTICIPATION_TYPE_ID`, `RANKING`) VALUES (9, 9, 1, 2, 1, 1, 1);
INSERT INTO `GS_PARTICIPANT_X_GAME` (`ID`, `GS_PARTICIPANT_ID`, `GS_GAME_ID`, `GS_TEAM_ID`, `GS_GAME_ACTIVITY_TYPE_ID`, `GS_GAME_PARTICIPATION_TYPE_ID`, `RANKING`) VALUES (10, 10, 1, 2, 1, 1, 1);
INSERT INTO `GS_PARTICIPANT_X_GAME` (`ID`, `GS_PARTICIPANT_ID`, `GS_GAME_ID`, `GS_TEAM_ID`, `GS_GAME_ACTIVITY_TYPE_ID`, `GS_GAME_PARTICIPATION_TYPE_ID`, `RANKING`) VALUES (11, 11, 1, 2, 1, 1, 1);
INSERT INTO `GS_PARTICIPANT_X_GAME` (`ID`, `GS_PARTICIPANT_ID`, `GS_GAME_ID`, `GS_TEAM_ID`, `GS_GAME_ACTIVITY_TYPE_ID`, `GS_GAME_PARTICIPATION_TYPE_ID`, `RANKING`) VALUES (12, 12, 1, 2, 1, 1, 1);
INSERT INTO `GS_PARTICIPANT_X_GAME` (`ID`, `GS_PARTICIPANT_ID`, `GS_GAME_ID`, `GS_TEAM_ID`, `GS_GAME_ACTIVITY_TYPE_ID`, `GS_GAME_PARTICIPATION_TYPE_ID`, `RANKING`) VALUES (13, 13, 1, 3, 1, 1, 3);
INSERT INTO `GS_PARTICIPANT_X_GAME` (`ID`, `GS_PARTICIPANT_ID`, `GS_GAME_ID`, `GS_TEAM_ID`, `GS_GAME_ACTIVITY_TYPE_ID`, `GS_GAME_PARTICIPATION_TYPE_ID`, `RANKING`) VALUES (14, 14, 1, 3, 1, 1, 3);
INSERT INTO `GS_PARTICIPANT_X_GAME` (`ID`, `GS_PARTICIPANT_ID`, `GS_GAME_ID`, `GS_TEAM_ID`, `GS_GAME_ACTIVITY_TYPE_ID`, `GS_GAME_PARTICIPATION_TYPE_ID`, `RANKING`) VALUES (15, 15, 1, 3, 1, 1, 3);
INSERT INTO `GS_PARTICIPANT_X_GAME` (`ID`, `GS_PARTICIPANT_ID`, `GS_GAME_ID`, `GS_TEAM_ID`, `GS_GAME_ACTIVITY_TYPE_ID`, `GS_GAME_PARTICIPATION_TYPE_ID`, `RANKING`) VALUES (16, 16, 1, 3, 1, 1, 3);
INSERT INTO `GS_PARTICIPANT_X_GAME` (`ID`, `GS_PARTICIPANT_ID`, `GS_GAME_ID`, `GS_TEAM_ID`, `GS_GAME_ACTIVITY_TYPE_ID`, `GS_GAME_PARTICIPATION_TYPE_ID`, `RANKING`) VALUES (17, 17, 1, 3, 1, 1, 3);
INSERT INTO `GS_PARTICIPANT_X_GAME` (`ID`, `GS_PARTICIPANT_ID`, `GS_GAME_ID`, `GS_TEAM_ID`, `GS_GAME_ACTIVITY_TYPE_ID`, `GS_GAME_PARTICIPATION_TYPE_ID`, `RANKING`) VALUES (18, 18, 1, 3, 1, 1, 3);
INSERT INTO `GS_PARTICIPANT_X_GAME` (`ID`, `GS_PARTICIPANT_ID`, `GS_GAME_ID`, `GS_TEAM_ID`, `GS_GAME_ACTIVITY_TYPE_ID`, `GS_GAME_PARTICIPATION_TYPE_ID`, `RANKING`) VALUES (19, 19, 1, 4, 1, 1, 2);
INSERT INTO `GS_PARTICIPANT_X_GAME` (`ID`, `GS_PARTICIPANT_ID`, `GS_GAME_ID`, `GS_TEAM_ID`, `GS_GAME_ACTIVITY_TYPE_ID`, `GS_GAME_PARTICIPATION_TYPE_ID`, `RANKING`) VALUES (20, 20, 1, 4, 1, 1, 2);
INSERT INTO `GS_PARTICIPANT_X_GAME` (`ID`, `GS_PARTICIPANT_ID`, `GS_GAME_ID`, `GS_TEAM_ID`, `GS_GAME_ACTIVITY_TYPE_ID`, `GS_GAME_PARTICIPATION_TYPE_ID`, `RANKING`) VALUES (21, 21, 1, 4, 1, 1, 2);
INSERT INTO `GS_PARTICIPANT_X_GAME` (`ID`, `GS_PARTICIPANT_ID`, `GS_GAME_ID`, `GS_TEAM_ID`, `GS_GAME_ACTIVITY_TYPE_ID`, `GS_GAME_PARTICIPATION_TYPE_ID`, `RANKING`) VALUES (22, 22, 1, 4, 1, 1, 2);
INSERT INTO `GS_PARTICIPANT_X_GAME` (`ID`, `GS_PARTICIPANT_ID`, `GS_GAME_ID`, `GS_TEAM_ID`, `GS_GAME_ACTIVITY_TYPE_ID`, `GS_GAME_PARTICIPATION_TYPE_ID`, `RANKING`) VALUES (23, 23, 1, 4, 1, 1, 2);
INSERT INTO `GS_PARTICIPANT_X_GAME` (`ID`, `GS_PARTICIPANT_ID`, `GS_GAME_ID`, `GS_TEAM_ID`, `GS_GAME_ACTIVITY_TYPE_ID`, `GS_GAME_PARTICIPATION_TYPE_ID`, `RANKING`) VALUES (24, 24, 1, 4, 1, 1, 2);

COMMIT;


-- -----------------------------------------------------
-- Data for table `GS_PARTICIPANT_GAME_X_REWARD`
-- -----------------------------------------------------
START TRANSACTION;
INSERT INTO `GS_PARTICIPANT_GAME_X_REWARD` (`ID`, `GS_PARTICIPANT_X_GAME_ID`, `GS_REWARD_ID`, `DISPLAY_ORDER`) VALUES (1, 1, 3, 1);
INSERT INTO `GS_PARTICIPANT_GAME_X_REWARD` (`ID`, `GS_PARTICIPANT_X_GAME_ID`, `GS_REWARD_ID`, `DISPLAY_ORDER`) VALUES (2, 2, 3, 1);
INSERT INTO `GS_PARTICIPANT_GAME_X_REWARD` (`ID`, `GS_PARTICIPANT_X_GAME_ID`, `GS_REWARD_ID`, `DISPLAY_ORDER`) VALUES (3, 3, 3, 1);
INSERT INTO `GS_PARTICIPANT_GAME_X_REWARD` (`ID`, `GS_PARTICIPANT_X_GAME_ID`, `GS_REWARD_ID`, `DISPLAY_ORDER`) VALUES (4, 4, 3, 1);
INSERT INTO `GS_PARTICIPANT_GAME_X_REWARD` (`ID`, `GS_PARTICIPANT_X_GAME_ID`, `GS_REWARD_ID`, `DISPLAY_ORDER`) VALUES (5, 5, 3, 1);
INSERT INTO `GS_PARTICIPANT_GAME_X_REWARD` (`ID`, `GS_PARTICIPANT_X_GAME_ID`, `GS_REWARD_ID`, `DISPLAY_ORDER`) VALUES (6, 6, 3, 1);
INSERT INTO `GS_PARTICIPANT_GAME_X_REWARD` (`ID`, `GS_PARTICIPANT_X_GAME_ID`, `GS_REWARD_ID`, `DISPLAY_ORDER`) VALUES (7, 7, 4, 1);
INSERT INTO `GS_PARTICIPANT_GAME_X_REWARD` (`ID`, `GS_PARTICIPANT_X_GAME_ID`, `GS_REWARD_ID`, `DISPLAY_ORDER`) VALUES (8, 8, 4, 1);
INSERT INTO `GS_PARTICIPANT_GAME_X_REWARD` (`ID`, `GS_PARTICIPANT_X_GAME_ID`, `GS_REWARD_ID`, `DISPLAY_ORDER`) VALUES (9, 9, 4, 1);
INSERT INTO `GS_PARTICIPANT_GAME_X_REWARD` (`ID`, `GS_PARTICIPANT_X_GAME_ID`, `GS_REWARD_ID`, `DISPLAY_ORDER`) VALUES (10, 10, 4, 1);
INSERT INTO `GS_PARTICIPANT_GAME_X_REWARD` (`ID`, `GS_PARTICIPANT_X_GAME_ID`, `GS_REWARD_ID`, `DISPLAY_ORDER`) VALUES (11, 11, 4, 1);
INSERT INTO `GS_PARTICIPANT_GAME_X_REWARD` (`ID`, `GS_PARTICIPANT_X_GAME_ID`, `GS_REWARD_ID`, `DISPLAY_ORDER`) VALUES (12, 12, 4, 1);
INSERT INTO `GS_PARTICIPANT_GAME_X_REWARD` (`ID`, `GS_PARTICIPANT_X_GAME_ID`, `GS_REWARD_ID`, `DISPLAY_ORDER`) VALUES (23, 23, 5, 1);
INSERT INTO `GS_PARTICIPANT_GAME_X_REWARD` (`ID`, `GS_PARTICIPANT_X_GAME_ID`, `GS_REWARD_ID`, `DISPLAY_ORDER`) VALUES (24, 24, 5, 1);
INSERT INTO `GS_PARTICIPANT_GAME_X_REWARD` (`ID`, `GS_PARTICIPANT_X_GAME_ID`, `GS_REWARD_ID`, `DISPLAY_ORDER`) VALUES (19, 19, 5, 1);
INSERT INTO `GS_PARTICIPANT_GAME_X_REWARD` (`ID`, `GS_PARTICIPANT_X_GAME_ID`, `GS_REWARD_ID`, `DISPLAY_ORDER`) VALUES (20, 20, 5, 1);
INSERT INTO `GS_PARTICIPANT_GAME_X_REWARD` (`ID`, `GS_PARTICIPANT_X_GAME_ID`, `GS_REWARD_ID`, `DISPLAY_ORDER`) VALUES (21, 21, 5, 1);
INSERT INTO `GS_PARTICIPANT_GAME_X_REWARD` (`ID`, `GS_PARTICIPANT_X_GAME_ID`, `GS_REWARD_ID`, `DISPLAY_ORDER`) VALUES (22, 22, 5, 1);

COMMIT;


-- -----------------------------------------------------
-- Data for table `GS_GAME_TAG`
-- -----------------------------------------------------
START TRANSACTION;
INSERT INTO `GS_GAME_TAG` (`ID`, `NAME`, `WEB_PATH`) VALUES (1, 'Force', 'force');
INSERT INTO `GS_GAME_TAG` (`ID`, `NAME`, `WEB_PATH`) VALUES (2, 'Aquatique', 'aquatique');
INSERT INTO `GS_GAME_TAG` (`ID`, `NAME`, `WEB_PATH`) VALUES (3, 'Terrestre', 'terrestre');
INSERT INTO `GS_GAME_TAG` (`ID`, `NAME`, `WEB_PATH`) VALUES (4, 'Marécageux', 'marecageux');
INSERT INTO `GS_GAME_TAG` (`ID`, `NAME`, `WEB_PATH`) VALUES (5, 'Habilité', 'habilite');
INSERT INTO `GS_GAME_TAG` (`ID`, `NAME`, `WEB_PATH`) VALUES (6, 'Reflexion', 'reflexion');
INSERT INTO `GS_GAME_TAG` (`ID`, `NAME`, `WEB_PATH`) VALUES (7, 'Endurance', 'endurance');
INSERT INTO `GS_GAME_TAG` (`ID`, `NAME`, `WEB_PATH`) VALUES (8, 'Course', 'course');
INSERT INTO `GS_GAME_TAG` (`ID`, `NAME`, `WEB_PATH`) VALUES (9, 'Equilibre', 'equilibre');
INSERT INTO `GS_GAME_TAG` (`ID`, `NAME`, `WEB_PATH`) VALUES (10, 'Natation', 'natation');
INSERT INTO `GS_GAME_TAG` (`ID`, `NAME`, `WEB_PATH`) VALUES (11, 'Stratégie', 'strategie');
INSERT INTO `GS_GAME_TAG` (`ID`, `NAME`, `WEB_PATH`) VALUES (12, 'Rapidité', 'rapidite');
INSERT INTO `GS_GAME_TAG` (`ID`, `NAME`, `WEB_PATH`) VALUES (13, 'Construction', 'construction');
INSERT INTO `GS_GAME_TAG` (`ID`, `NAME`, `WEB_PATH`) VALUES (14, 'Coordination', 'coordination');
INSERT INTO `GS_GAME_TAG` (`ID`, `NAME`, `WEB_PATH`) VALUES (15, 'Logique', 'logique');
INSERT INTO `GS_GAME_TAG` (`ID`, `NAME`, `WEB_PATH`) VALUES (16, 'Puzzle', 'puzzle');
INSERT INTO `GS_GAME_TAG` (`ID`, `NAME`, `WEB_PATH`) VALUES (17, 'Parcours', 'parcours');
INSERT INTO `GS_GAME_TAG` (`ID`, `NAME`, `WEB_PATH`) VALUES (18, 'Statique', 'statique');
INSERT INTO `GS_GAME_TAG` (`ID`, `NAME`, `WEB_PATH`) VALUES (19, 'Mémorisation', 'memorisation');

COMMIT;


-- -----------------------------------------------------
-- Data for table `GS_GAME_X_TAG`
-- -----------------------------------------------------
START TRANSACTION;
INSERT INTO `GS_GAME_X_TAG` (`ID`, `GS_GAME_ID`, `GS_GAME_TAG_ID`, `DISPLAY_ORDER`, `RANKING`) VALUES (1, 1, 1, 1, 60);
INSERT INTO `GS_GAME_X_TAG` (`ID`, `GS_GAME_ID`, `GS_GAME_TAG_ID`, `DISPLAY_ORDER`, `RANKING`) VALUES (2, 1, 7, 2, 100);
INSERT INTO `GS_GAME_X_TAG` (`ID`, `GS_GAME_ID`, `GS_GAME_TAG_ID`, `DISPLAY_ORDER`, `RANKING`) VALUES (3, 1, 8, 3, 100);
INSERT INTO `GS_GAME_X_TAG` (`ID`, `GS_GAME_ID`, `GS_GAME_TAG_ID`, `DISPLAY_ORDER`, `RANKING`) VALUES (5, 18, 9, 1, 100);
INSERT INTO `GS_GAME_X_TAG` (`ID`, `GS_GAME_ID`, `GS_GAME_TAG_ID`, `DISPLAY_ORDER`, `RANKING`) VALUES (6, 18, 8, 2, NULL);
INSERT INTO `GS_GAME_X_TAG` (`ID`, `GS_GAME_ID`, `GS_GAME_TAG_ID`, `DISPLAY_ORDER`, `RANKING`) VALUES (7, 18, 7, 3, NULL);
INSERT INTO `GS_GAME_X_TAG` (`ID`, `GS_GAME_ID`, `GS_GAME_TAG_ID`, `DISPLAY_ORDER`, `RANKING`) VALUES (8, 18, 11, 4, NULL);
INSERT INTO `GS_GAME_X_TAG` (`ID`, `GS_GAME_ID`, `GS_GAME_TAG_ID`, `DISPLAY_ORDER`, `RANKING`) VALUES (9, 19, 1, 1, NULL);
INSERT INTO `GS_GAME_X_TAG` (`ID`, `GS_GAME_ID`, `GS_GAME_TAG_ID`, `DISPLAY_ORDER`, `RANKING`) VALUES (10, 19, 7, 2, NULL);
INSERT INTO `GS_GAME_X_TAG` (`ID`, `GS_GAME_ID`, `GS_GAME_TAG_ID`, `DISPLAY_ORDER`, `RANKING`) VALUES (11, 19, 9, 3, NULL);
INSERT INTO `GS_GAME_X_TAG` (`ID`, `GS_GAME_ID`, `GS_GAME_TAG_ID`, `DISPLAY_ORDER`, `RANKING`) VALUES (12, 24, 5, 1, NULL);
INSERT INTO `GS_GAME_X_TAG` (`ID`, `GS_GAME_ID`, `GS_GAME_TAG_ID`, `DISPLAY_ORDER`, `RANKING`) VALUES (13, 24, 8, 2, NULL);
INSERT INTO `GS_GAME_X_TAG` (`ID`, `GS_GAME_ID`, `GS_GAME_TAG_ID`, `DISPLAY_ORDER`, `RANKING`) VALUES (14, 24, 12, 3, NULL);

COMMIT;


-- -----------------------------------------------------
-- Data for table `GS_REALISATION_TYPE`
-- -----------------------------------------------------
START TRANSACTION;
INSERT INTO `GS_REALISATION_TYPE` (`ID`, `NAME`, `WEB_PATH`) VALUES (1, 'Allumage du feu', 'allumage-du-feu');
INSERT INTO `GS_REALISATION_TYPE` (`ID`, `NAME`, `WEB_PATH`) VALUES (2, 'Découverte du collier d\'immunité', 'decouverte-collier-immunite');
INSERT INTO `GS_REALISATION_TYPE` (`ID`, `NAME`, `WEB_PATH`) VALUES (3, 'Pêche au harpon', 'peche-au-harpon');
INSERT INTO `GS_REALISATION_TYPE` (`ID`, `NAME`, `WEB_PATH`) VALUES (4, 'Chercher le courrier', 'chercher-le-courrier');
INSERT INTO `GS_REALISATION_TYPE` (`ID`, `NAME`, `WEB_PATH`) VALUES (5, 'Gagner un collier d\'immunité', 'gagner-collier-immunite');
INSERT INTO `GS_REALISATION_TYPE` (`ID`, `NAME`, `WEB_PATH`) VALUES (6, 'Découverte d\'une arme secrète', 'decouverte-arme-secrete');

COMMIT;


-- -----------------------------------------------------
-- Data for table `GS_PARTICIPANT_TEAM_X_REALISATION`
-- -----------------------------------------------------
START TRANSACTION;
INSERT INTO `GS_PARTICIPANT_TEAM_X_REALISATION` (`ID`, `GS_PARTICIPANT_TEAM_ID`, `GS_REALISATION_TYPE_ID`, `TIME_UNIT`, `DISPLAY_ORDER`) VALUES (1, 22, 1, NULL, 1);
INSERT INTO `GS_PARTICIPANT_TEAM_X_REALISATION` (`ID`, `GS_PARTICIPANT_TEAM_ID`, `GS_REALISATION_TYPE_ID`, `TIME_UNIT`, `DISPLAY_ORDER`) VALUES (2, 11, 2, NULL, 1);
INSERT INTO `GS_PARTICIPANT_TEAM_X_REALISATION` (`ID`, `GS_PARTICIPANT_TEAM_ID`, `GS_REALISATION_TYPE_ID`, `TIME_UNIT`, `DISPLAY_ORDER`) VALUES (3, 23, 2, NULL, 1);

COMMIT;


-- -----------------------------------------------------
-- Data for table `GS_VOTE_TYPE`
-- -----------------------------------------------------
START TRANSACTION;
INSERT INTO `GS_VOTE_TYPE` (`ID`, `NAME`, `WEB_PATH`) VALUES (1, 'Vote contre', 'vote-contre');
INSERT INTO `GS_VOTE_TYPE` (`ID`, `NAME`, `WEB_PATH`) VALUES (2, 'Vote pour', 'vote-pour');

COMMIT;


-- -----------------------------------------------------
-- Data for table `GS_VOTE_EFFECTIVENESS_TYPE`
-- -----------------------------------------------------
START TRANSACTION;
INSERT INTO `GS_VOTE_EFFECTIVENESS_TYPE` (`ID`, `NAME`, `WEB_PATH`) VALUES (1, 'Effectif', 'effectif');
INSERT INTO `GS_VOTE_EFFECTIVENESS_TYPE` (`ID`, `NAME`, `WEB_PATH`) VALUES (2, 'Annulé par collier d\'immunité', 'annule-par-collier-immunite');

COMMIT;


SET SQL_MODE=@OLD_SQL_MODE;
SET FOREIGN_KEY_CHECKS=@OLD_FOREIGN_KEY_CHECKS;
SET UNIQUE_CHECKS=@OLD_UNIQUE_CHECKS;
